case,solution_id,sda_pct_path_a,sda_pct_v2,ase_pct,mean_exceed_hours,max_exceed_hours,wwr_mean,overhang_ratio,sda_success,ase_success,sda_error,ase_error,runtime_s
A_Houston,92,9.8,84.0,28.000000000000004,169.28,647.0,0.10924999999999999,0.059,True,True,,,6.689882278442383
A_Houston,8,16.4,100.0,64.0,368.84,1150.0,0.23325,0.485,True,True,,,7.556493043899536
A_Houston,177,14.7,100.0,32.0,244.24,971.0,0.15475,0.236,True,True,,,6.674386739730835
A_Houston,195,73.7,100.0,100.0,882.96,1456.0,0.7895,0.008,True,True,,,6.846312999725342
A_Houston,108,11.8,84.0,28.000000000000004,181.24,651.0,0.111,0.001,True,True,,,6.695423126220703
A_Houston,48,39.8,100.0,100.0,821.0,1352.0,0.5605,0.452,True,True,,,6.734451055526733
A_Houston,77,54.3,100.0,100.0,788.16,1323.0,0.53325,0.097,True,True,,,6.749861717224121
A_Houston,152,25.3,100.0,56.00000000000001,407.6,1246.0,0.27425,0.598,True,True,,,6.719429016113281
A_Houston,221,68.6,100.0,100.0,881.6,1452.0,0.6232500000000001,0.017,True,True,,,6.7180869579315186
A_Houston,202,68.3,100.0,96.0,760.52,1499.0,0.63225,0.015,True,True,,,6.631946086883545
A_Houston,187,75.3,100.0,100.0,874.64,1486.0,0.6952499999999999,0.017,True,True,,,6.7232139110565186
A_Houston,146,16.5,100.0,28.000000000000004,243.68,958.0,0.14075000000000001,0.112,True,True,,,6.645181179046631
A_Houston,18,46.2,100.0,100.0,692.36,1262.0,0.522,0.27,True,True,,,6.609503984451294
A_Houston,101,55.9,100.0,76.0,607.2,1360.0,0.43125,0.018,True,True,,,6.536450147628784
A_Houston,41,39.6,100.0,76.0,491.12,1143.0,0.39249999999999996,0.241,True,True,,,6.5409910678863525
A_Houston,17,28.4,100.0,64.0,399.16,1092.0,0.34550000000000003,0.517,True,True,,,6.504432201385498
A_Houston,233,58.7,100.0,76.0,620.76,1415.0,0.4600000000000001,0.021,True,True,,,6.605096340179443
A_Houston,25,65.3,100.0,100.0,808.24,1386.0,0.567,0.087,True,True,,,6.618973970413208
A_Houston,244,86.8,100.0,100.0,848.8,1504.0,0.71675,0.013,True,True,,,6.771320819854736
A_Houston,158,96.6,100.0,100.0,911.64,1548.0,0.7989999999999999,0.0,True,True,,,6.727886199951172
B_NYC,179,5.6,84.0,28.000000000000004,183.24,765.0,0.1015,0.6,True,True,,,6.392665147781372
B_NYC,47,33.5,100.0,76.0,412.08,985.0,0.43424999999999997,0.052,True,True,,,6.941071033477783
B_NYC,173,40.6,100.0,68.0,551.0,1336.0,0.471,0.042,True,True,,,6.3794941902160645
B_NYC,120,65.1,100.0,100.0,952.36,1604.0,0.76275,0.006,True,True,,,6.366513252258301
B_NYC,239,66.9,100.0,100.0,954.48,1686.0,0.78775,0.003,True,True,,,6.361457109451294
B_NYC,51,36.2,100.0,100.0,855.2,1466.0,0.5605,0.452,True,True,,,6.280973196029663
B_NYC,24,36.6,100.0,84.0,623.72,1436.0,0.39925,0.156,True,True,,,6.378849983215332
B_NYC,219,62.6,100.0,100.0,960.68,1663.0,0.6165,0.001,True,True,,,6.366267919540405
B_NYC,213,60.9,100.0,100.0,945.88,1625.0,0.616,0.045,True,True,,,6.348687171936035
B_NYC,253,10.6,92.0,28.000000000000004,192.68,746.0,0.12875,0.402,True,True,,,6.215558290481567
B_NYC,193,77.3,100.0,100.0,967.2,1605.0,0.79225,0.003,True,True,,,6.369491815567017
B_NYC,45,39.9,100.0,96.0,599.44,1067.0,0.421,0.172,True,True,,,6.307425022125244
B_NYC,18,25.8,100.0,68.0,443.72,1218.0,0.34550000000000003,0.517,True,True,,,6.297865867614746
B_NYC,228,39.1,100.0,72.0,448.6,1043.0,0.37475,0.032,True,True,,,6.2911012172698975
B_NYC,257,38.9,100.0,64.0,555.24,1473.0,0.43499999999999994,0.373,True,True,,,6.314189910888672
B_NYC,137,61.8,100.0,100.0,881.2,1485.0,0.53525,0.012,True,True,,,6.252179861068726
B_NYC,158,70.0,100.0,84.0,686.4,1492.0,0.62525,0.001,True,True,,,6.3707311153411865
B_NYC,151,71.7,100.0,84.0,753.48,1520.0,0.6465,0.013,True,True,,,6.376193046569824
B_NYC,218,76.9,100.0,100.0,967.4,1698.0,0.6945,0.016,True,True,,,6.319155931472778
B_NYC,181,87.9,100.0,100.0,986.12,1651.0,0.7987500000000001,0.0,True,True,,,6.254435062408447
C_Minneapolis,136,7.9,84.0,28.000000000000004,209.52,886.0,0.10475000000000001,0.073,True,True,,,6.40474009513855
C_Minneapolis,186,12.9,100.0,44.0,330.64,1123.0,0.14075,0.077,True,True,,,6.872759103775024
C_Minneapolis,226,43.9,100.0,84.0,688.88,1518.0,0.56625,0.073,True,True,,,7.206682920455933
C_Minneapolis,11,21.4,100.0,72.0,429.84,967.0,0.32725,0.41,True,True,,,7.247936964035034
C_Minneapolis,42,20.8,100.0,88.0,493.92,942.0,0.28625,0.076,True,True,,,6.526364803314209
C_Minneapolis,224,22.5,100.0,56.00000000000001,391.96,1033.0,0.30625,0.268,True,True,,,6.1215980052948
C_Minneapolis,60,33.7,100.0,100.0,932.12,1557.0,0.5605,0.452,True,True,,,6.228819847106934
C_Minneapolis,79,37.3,100.0,92.0,566.24,1006.0,0.47175,0.106,True,True,,,6.510142803192139
C_Minneapolis,265,58.2,100.0,100.0,1010.16,1676.0,0.61875,0.001,True,True,,,6.655621767044067
C_Minneapolis,77,43.3,100.0,100.0,791.64,1468.0,0.56825,0.231,True,True,,,6.6312761306762695
C_Minneapolis,235,71.4,100.0,100.0,1024.68,1697.0,0.7872500000000001,0.003,True,True,,,6.470348119735718
C_Minneapolis,227,19.0,100.0,64.0,356.76,839.0,0.19774999999999998,0.05,True,True,,,6.449815988540649
C_Minneapolis,62,33.1,100.0,100.0,818.68,1551.0,0.38425000000000004,0.381,True,True,,,6.627418041229248
C_Minneapolis,234,27.0,100.0,60.0,390.72,1031.0,0.28475,0.083,True,True,,,6.632596015930176
C_Minneapolis,53,37.1,100.0,96.0,596.6,1006.0,0.421,0.172,True,True,,,6.624053955078125
C_Minneapolis,67,39.5,100.0,96.0,680.52,1288.0,0.4695,0.237,True,True,,,6.685051918029785
C_Minneapolis,72,37.9,100.0,96.0,688.52,1380.0,0.4257500000000001,0.171,True,True,,,6.645035028457642
C_Minneapolis,179,57.2,100.0,100.0,838.8,1502.0,0.54975,0.043,True,True,,,6.620530128479004
C_Minneapolis,175,72.3,100.0,100.0,1015.08,1652.0,0.6940000000000001,0.005,True,True,,,6.493479013442993
C_Minneapolis,160,81.7,100.0,100.0,1055.76,1902.0,0.7985,0.0,True,True,,,6.412028789520264
