solution_id,sda_v2,ase,exceed_h,wwr_mean,overhang,ok
92,84.0,28.000000000000004,163.88,0.10924999999999999,0.059,True
8,100.0,60.0,364.8,0.23325,0.485,True
177,100.0,28.000000000000004,255.84,0.15475,0.236,True
195,100.0,100.0,906.6,0.7895,0.008,True
108,84.0,28.000000000000004,172.76,0.111,0.001,True
48,100.0,100.0,802.16,0.5605,0.452,True
77,100.0,100.0,780.48,0.53325,0.097,True
152,100.0,56.00000000000001,414.44,0.27425,0.598,True
221,100.0,100.0,878.4,0.6232500000000001,0.017,True
202,100.0,92.0,744.96,0.63225,0.015,True
187,100.0,100.0,885.16,0.6952499999999999,0.017,True
146,100.0,28.000000000000004,230.04,0.14075000000000001,0.112,True
18,100.0,100.0,691.8,0.522,0.27,True
101,100.0,72.0,592.44,0.43125,0.018,True
41,100.0,76.0,482.12,0.39249999999999996,0.241,True
17,100.0,56.00000000000001,389.48,0.34550000000000003,0.517,True
233,100.0,72.0,610.64,0.4600000000000001,0.021,True
25,100.0,100.0,789.0,0.567,0.087,True
244,100.0,100.0,846.76,0.71675,0.013,True
158,100.0,100.0,909.68,0.7989999999999999,0.0,True
