case,selector,u_eff_w_m2k,structural_reserve,utilization,sda_pct,cost_usd_m2,delta_u_eff_pct,delta_structural_reserve_pct,delta_sda_pp,delta_cost_pct
A_Houston,best_compromise,0.5794603239433613,0.8901733119271491,0.10982668807285086,68.31312610467286,832.9378253083119,-2.7199725041242795,,9.325626104672871,17.390673826582347
A_Houston,thermal_priority,0.14498064301109873,0.4875387898694634,0.5124612101305366,9.821161007622942,688.3759700769431,-75.66059252769828,,-49.16633899237705,-2.9832521491646613
A_Houston,cost_constrained,0.7938145360426295,0.7082229822382035,0.29177701776179654,55.88621374626553,604.8382747057962,33.26589708047179,,-3.1012862537344574,-14.756695558231614
B_NYC,best_compromise,0.5665195615881505,0.8295036607309505,0.17049633926904945,60.90981741470438,794.5660578530827,16.48093869548013,529.454995100556,21.859817414704388,19.798083186946492
B_NYC,thermal_priority,0.14322312055693454,0.7839602330825665,0.2160397669174335,5.648090895258285,687.1660016255166,-70.55218450250847,494.8951258867003,-33.401909104741705,3.605193064006307
B_NYC,cost_constrained,0.7817051270156408,0.7842347655901907,0.21576523440980927,49.86985458138914,590.6537996634762,60.72480661143662,495.10345029371894,10.819854581389151,-10.946116653960193
C_Minneapolis,best_compromise,0.5669335054216507,0.818756735190063,0.18124326480993705,58.236013943246576,787.9949338565704,87.30860310664275,,38.63787564537424,32.82350662884082
C_Minneapolis,thermal_priority,0.1467146442700434,0.8506504807813365,0.1493495192186635,5.340403268752518,689.2505763624041,-51.52709301759965,,-14.257735029119825,16.179272943228938
C_Minneapolis,cost_constrained,0.8320623484051249,0.5352235641247177,0.4647764358752823,39.08545717943523,518.4833353141531,174.90426070599426,,19.48731888156289,-12.605053958915512
