solution_id,u_eff_w_m2k,structural_reserve,sda_pct,cost_usd_m2,wwr_north,wwr_south,wwr_east,wwr_west,insulation_m,glazing_type,member_depth_m,framing_material,overhang_ratio,panel_thickness_m
136,0.147,0.842,7.9,689.0,0.1,0.102,0.117,0.1,0.284,vacuum,0.129,frp,0.073,0.0114
106,0.147,0.851,5.3,689.0,0.1,0.11,0.101,0.1,0.284,vacuum,0.133,frp,0.6,0.0118
133,0.148,0.704,8.6,683.0,0.137,0.111,0.106,0.1,0.292,vacuum,0.094,frp,0.066,0.0051
165,0.183,0.891,11.1,793.0,0.519,0.114,0.111,0.104,0.288,vacuum,0.156,frp,0.497,0.0113
127,0.185,0.78,16.7,777.0,0.117,0.176,0.474,0.101,0.287,vacuum,0.109,frp,0.037,0.0047
120,0.191,0.832,6.4,633.0,0.12,0.11,0.1,0.104,0.288,triple_lowe,0.125,frp,0.598,0.0103
148,0.195,0.741,6.7,623.0,0.108,0.115,0.108,0.103,0.275,triple_lowe,0.13,aluminum,0.565,0.0114
178,0.203,0.024,9.1,585.0,0.101,0.107,0.101,0.101,0.245,triple_lowe,0.052,frp,0.039,0.008
8,0.203,0.574,13.8,745.0,0.277,0.358,0.127,0.171,0.247,vacuum,0.249,timber,0.485,0.0079
272,0.207,0.258,25.0,812.0,0.148,0.724,0.16,0.106,0.288,vacuum,0.06,frp,0.051,0.0075
171,0.209,0.947,26.4,895.0,0.149,0.77,0.148,0.109,0.295,vacuum,0.223,frp,0.026,0.0087
138,0.209,0.825,14.9,855.0,0.147,0.143,0.798,0.105,0.3,vacuum,0.123,frp,0.599,0.0105
143,0.21,0.89,23.5,872.0,0.543,0.337,0.17,0.158,0.3,vacuum,0.155,frp,0.02,0.0034
66,0.211,0.657,20.6,766.0,0.208,0.483,0.159,0.178,0.245,vacuum,0.277,timber,0.104,0.0091
253,0.211,0.373,13.0,625.0,0.109,0.235,0.108,0.1,0.293,triple_lowe,0.069,steel,0.044,0.0075
75,0.212,0.95,14.5,879.0,0.264,0.128,0.466,0.223,0.256,vacuum,0.298,aluminum,0.502,0.0041
131,0.215,0.866,25.9,868.0,0.145,0.796,0.153,0.136,0.288,vacuum,0.14,frp,0.123,0.0114
261,0.216,0.119,12.1,599.0,0.116,0.19,0.108,0.1,0.258,triple_lowe,0.055,frp,0.002,0.0075
268,0.221,0.95,28.1,908.0,0.2,0.77,0.182,0.102,0.272,vacuum,0.229,frp,0.001,0.0093
254,0.221,0.166,11.4,606.0,0.165,0.127,0.109,0.127,0.251,triple_lowe,0.06,steel,0.072,0.0094
258,0.223,0.945,12.5,700.0,0.118,0.212,0.105,0.101,0.251,triple_lowe,0.234,steel,0.04,0.009
36,0.225,0.298,26.0,868.0,0.107,0.448,0.538,0.265,0.29,vacuum,0.066,steel,0.124,0.0056
244,0.229,0.512,29.7,876.0,0.333,0.63,0.191,0.251,0.293,vacuum,0.074,frp,0.0,0.0076
153,0.243,0.79,30.2,933.0,0.11,0.479,0.8,0.196,0.3,vacuum,0.112,frp,0.12,0.0034
81,0.243,0.916,14.5,814.0,0.484,0.278,0.11,0.121,0.176,vacuum,0.229,aluminum,0.442,0.0034
186,0.247,0.427,12.9,595.0,0.109,0.219,0.108,0.127,0.211,triple_lowe,0.068,frp,0.077,0.0094
215,0.25,0.947,35.2,997.0,0.112,0.77,0.148,0.629,0.294,vacuum,0.223,frp,0.027,0.0087
260,0.257,0.643,13.5,603.0,0.133,0.246,0.111,0.1,0.201,triple_lowe,0.086,frp,0.077,0.0117
118,0.258,0.836,6.3,595.0,0.104,0.111,0.101,0.105,0.161,triple_lowe,0.127,frp,0.594,0.0112
141,0.262,0.836,8.5,593.0,0.101,0.106,0.108,0.101,0.156,triple_lowe,0.127,frp,0.17,0.0107
230,0.265,0.955,18.7,702.0,0.183,0.38,0.106,0.103,0.254,triple_lowe,0.243,frp,0.024,0.0075
232,0.269,0.857,20.7,685.0,0.2,0.417,0.112,0.12,0.282,triple_lowe,0.145,steel,0.016,0.0106
68,0.271,0.778,29.0,902.0,0.31,0.376,0.726,0.136,0.196,vacuum,0.109,frp,0.094,0.0045
132,0.272,0.855,37.6,1010.0,0.166,0.793,0.79,0.158,0.293,vacuum,0.135,frp,0.121,0.0108
196,0.273,0.854,20.0,675.0,0.2,0.405,0.115,0.1,0.254,triple_lowe,0.144,steel,0.015,0.0084
177,0.276,0.871,39.6,1029.0,0.792,0.8,0.149,0.234,0.3,vacuum,0.143,frp,0.043,0.0052
39,0.283,0.767,30.2,933.0,0.24,0.691,0.331,0.378,0.184,vacuum,0.114,steel,0.223,0.0096
52,0.284,0.951,32.5,1016.0,0.248,0.346,0.753,0.454,0.211,vacuum,0.232,frp,0.138,0.012
56,0.284,0.955,31.1,1004.0,0.65,0.143,0.784,0.16,0.198,vacuum,0.242,frp,0.052,0.011
223,0.284,0.324,42.7,1002.0,0.172,0.789,0.779,0.294,0.282,vacuum,0.062,frp,0.001,0.008
219,0.284,0.921,42.6,1063.0,0.389,0.789,0.127,0.751,0.294,vacuum,0.182,frp,0.008,0.0089
170,0.289,0.858,11.7,608.0,0.101,0.117,0.119,0.12,0.3,double_lowe,0.136,frp,0.006,0.0114
172,0.3,0.956,30.2,965.0,0.64,0.244,0.605,0.109,0.15,vacuum,0.245,frp,0.001,0.0098
151,0.302,0.903,46.1,1099.0,0.107,0.637,0.793,0.731,0.292,vacuum,0.165,frp,0.002,0.0117
114,0.303,0.919,46.8,1112.0,0.576,0.783,0.743,0.188,0.3,vacuum,0.181,frp,0.0,0.0036
83,0.308,0.952,37.2,1130.0,0.37,0.459,0.715,0.736,0.265,vacuum,0.236,frp,0.292,0.0055
188,0.311,0.48,47.9,1080.0,0.653,0.771,0.166,0.781,0.295,vacuum,0.071,frp,0.005,0.0071
45,0.312,0.905,36.2,1039.0,0.536,0.537,0.464,0.494,0.18,vacuum,0.216,aluminum,0.176,0.0053
7,0.315,0.537,29.8,916.0,0.16,0.665,0.53,0.331,0.138,vacuum,0.081,steel,0.273,0.0075
54,0.315,0.819,30.6,972.0,0.294,0.244,0.774,0.562,0.154,vacuum,0.121,frp,0.254,0.0101
205,0.316,0.578,48.7,1067.0,0.675,0.794,0.796,0.144,0.28,vacuum,0.25,timber,0.004,0.0064
128,0.318,0.824,23.1,682.0,0.137,0.102,0.102,0.767,0.28,triple_lowe,0.123,frp,0.069,0.0112
226,0.322,0.952,43.9,1117.0,0.799,0.771,0.594,0.101,0.199,vacuum,0.235,frp,0.073,0.0103
174,0.325,0.875,51.4,1142.0,0.214,0.797,0.795,0.713,0.28,vacuum,0.145,frp,0.012,0.0104
193,0.326,0.147,26.1,625.0,0.105,0.695,0.102,0.1,0.207,triple_lowe,0.056,frp,0.021,0.0064
159,0.333,0.835,7.1,567.0,0.102,0.104,0.108,0.101,0.176,double_lowe,0.127,frp,0.579,0.0106
140,0.341,0.868,31.8,702.0,0.126,0.787,0.11,0.219,0.287,triple_lowe,0.142,frp,0.021,0.0114
243,0.347,0.032,27.8,641.0,0.195,0.578,0.149,0.208,0.209,triple_lowe,0.056,steel,0.023,0.0072
111,0.354,0.709,55.2,1200.0,0.488,0.798,0.792,0.795,0.288,vacuum,0.123,aluminum,0.078,0.003
247,0.355,0.006,13.5,544.0,0.134,0.13,0.159,0.107,0.209,double_lowe,0.052,frp,0.003,0.0051
98,0.357,0.705,45.5,1073.0,0.378,0.626,0.745,0.751,0.149,vacuum,0.299,timber,0.152,0.0087
126,0.358,0.064,57.3,1169.0,0.78,0.751,0.608,0.771,0.278,vacuum,0.168,timber,0.011,0.0112
95,0.361,0.58,20.0,637.0,0.121,0.4,0.238,0.483,0.222,triple_lowe,0.251,timber,0.543,0.0054
137,0.362,0.89,59.5,1246.0,0.652,0.795,0.796,0.736,0.3,vacuum,0.155,frp,0.0,0.0037
74,0.362,0.673,26.3,701.0,0.332,0.749,0.175,0.111,0.291,triple_lowe,0.096,steel,0.396,0.0045
11,0.362,0.272,21.4,663.0,0.565,0.181,0.355,0.208,0.253,triple_lowe,0.06,frp,0.41,0.0055
24,0.362,0.957,27.2,991.0,0.34,0.141,0.619,0.652,0.096,vacuum,0.248,frp,0.298,0.0095
252,0.365,0.951,13.1,620.0,0.133,0.13,0.159,0.104,0.19,double_lowe,0.232,frp,0.049,0.0075
195,0.366,0.954,58.2,1278.0,0.739,0.691,0.789,0.751,0.252,vacuum,0.239,frp,0.007,0.0089
166,0.367,0.827,22.1,698.0,0.114,0.687,0.37,0.188,0.267,triple_lowe,0.123,frp,0.599,0.0106
229,0.369,0.442,30.2,654.0,0.245,0.698,0.162,0.107,0.193,triple_lowe,0.074,steel,0.027,0.0099
146,0.371,0.709,60.7,1239.0,0.757,0.778,0.745,0.794,0.29,vacuum,0.095,frp,0.006,0.0052
42,0.372,0.96,20.8,885.0,0.115,0.103,0.254,0.673,0.08,vacuum,0.273,steel,0.076,0.0061
224,0.374,0.951,22.5,719.0,0.19,0.131,0.795,0.109,0.188,triple_lowe,0.233,frp,0.268,0.0101
203,0.378,0.418,61.9,1239.0,0.759,0.799,0.787,0.795,0.28,vacuum,0.067,frp,0.012,0.0062
225,0.381,0.925,62.3,1319.0,0.795,0.799,0.773,0.784,0.258,vacuum,0.201,steel,0.005,0.0091
156,0.381,0.872,62.6,1285.0,0.8,0.798,0.795,0.799,0.289,vacuum,0.143,frp,0.017,0.0119
180,0.382,0.819,62.7,1269.0,0.795,0.796,0.796,0.786,0.26,vacuum,0.121,frp,0.004,0.009
269,0.384,0.252,61.7,1209.0,0.786,0.796,0.798,0.737,0.205,vacuum,0.188,timber,0.002,0.0099
73,0.385,0.754,24.4,663.0,0.504,0.196,0.187,0.286,0.158,triple_lowe,0.111,steel,0.071,0.0102
40,0.389,0.926,35.9,1021.0,0.586,0.609,0.151,0.556,0.083,vacuum,0.202,steel,0.111,0.0103
18,0.392,0.57,45.9,1052.0,0.71,0.631,0.21,0.79,0.09,vacuum,0.101,aluminum,0.021,0.0065
266,0.395,0.921,62.6,1312.0,0.784,0.799,0.794,0.786,0.162,vacuum,0.196,steel,0.003,0.0097
69,0.396,0.907,31.0,960.0,0.194,0.379,0.48,0.702,0.077,vacuum,0.217,aluminum,0.188,0.0041
200,0.397,0.818,62.2,1255.0,0.783,0.785,0.799,0.776,0.147,vacuum,0.12,frp,0.001,0.0104
76,0.404,0.45,42.4,976.0,0.389,0.772,0.252,0.723,0.078,vacuum,0.219,timber,0.066,0.0112
169,0.412,0.831,39.9,722.0,0.124,0.798,0.589,0.109,0.281,triple_lowe,0.125,frp,0.019,0.0119
60,0.412,0.97,33.7,1121.0,0.225,0.653,0.768,0.596,0.074,vacuum,0.295,frp,0.452,0.0085
9,0.417,0.955,23.2,774.0,0.201,0.499,0.556,0.214,0.186,triple_lowe,0.258,steel,0.574,0.0107
238,0.42,0.858,35.1,724.0,0.197,0.414,0.149,0.782,0.207,triple_lowe,0.146,steel,0.023,0.0102
70,0.426,0.386,21.9,612.0,0.135,0.211,0.501,0.392,0.125,triple_lowe,0.207,timber,0.36,0.0033
71,0.431,0.956,32.0,742.0,0.182,0.794,0.217,0.295,0.167,triple_lowe,0.244,frp,0.247,0.0078
43,0.431,0.63,29.4,692.0,0.449,0.189,0.72,0.382,0.294,triple_lowe,0.267,timber,0.375,0.0069
2,0.436,0.779,24.4,688.0,0.675,0.454,0.19,0.193,0.166,triple_lowe,0.141,aluminum,0.5,0.0111
16,0.442,0.911,26.2,732.0,0.328,0.53,0.431,0.375,0.204,triple_lowe,0.172,frp,0.56,0.0095
152,0.442,0.852,42.0,743.0,0.102,0.798,0.799,0.106,0.298,triple_lowe,0.133,frp,0.09,0.0112
23,0.443,0.924,33.4,759.0,0.102,0.434,0.709,0.492,0.24,triple_lowe,0.241,aluminum,0.286,0.004
29,0.443,0.97,28.6,796.0,0.799,0.283,0.291,0.342,0.228,triple_lowe,0.296,frp,0.393,0.0058
46,0.445,0.442,25.4,690.0,0.557,0.186,0.435,0.503,0.205,triple_lowe,0.089,aluminum,0.51,0.0039
61,0.446,0.607,28.0,669.0,0.221,0.44,0.197,0.664,0.153,triple_lowe,0.082,frp,0.356,0.0044
25,0.446,0.876,41.4,762.0,0.236,0.741,0.691,0.124,0.27,triple_lowe,0.156,steel,0.075,0.0094
270,0.449,0.024,42.6,695.0,0.101,0.794,0.778,0.101,0.245,triple_lowe,0.052,frp,0.039,0.0073
1,0.45,0.685,31.4,692.0,0.626,0.337,0.3,0.541,0.259,triple_lowe,0.289,timber,0.36,0.0117
26,0.455,0.899,34.0,733.0,0.322,0.532,0.603,0.14,0.156,triple_lowe,0.173,steel,0.156,0.0105
17,0.456,0.748,37.3,714.0,0.48,0.578,0.414,0.281,0.21,triple_lowe,0.132,aluminum,0.146,0.0086
257,0.458,0.044,44.9,709.0,0.141,0.793,0.114,0.79,0.254,triple_lowe,0.056,steel,0.001,0.0075
199,0.459,0.952,38.1,749.0,0.134,0.599,0.121,0.778,0.16,triple_lowe,0.235,frp,0.04,0.0095
58,0.461,0.025,38.6,697.0,0.493,0.331,0.629,0.337,0.214,triple_lowe,0.056,steel,0.043,0.0089
14,0.465,0.942,38.7,772.0,0.794,0.541,0.319,0.197,0.237,triple_lowe,0.214,frp,0.135,0.0108
12,0.467,0.862,37.2,717.0,0.43,0.315,0.288,0.657,0.163,triple_lowe,0.179,aluminum,0.012,0.0042
134,0.469,0.835,44.0,739.0,0.1,0.798,0.8,0.198,0.251,triple_lowe,0.127,frp,0.083,0.0112
3,0.478,0.966,31.8,793.0,0.49,0.381,0.437,0.536,0.193,triple_lowe,0.28,frp,0.391,0.0115
34,0.479,0.555,34.7,689.0,0.271,0.722,0.282,0.48,0.16,triple_lowe,0.077,frp,0.31,0.0085
96,0.479,0.873,26.6,711.0,0.425,0.292,0.593,0.237,0.119,triple_lowe,0.154,steel,0.386,0.0073
4,0.481,0.66,42.8,733.0,0.598,0.623,0.35,0.416,0.273,triple_lowe,0.088,frp,0.117,0.004
271,0.488,0.952,45.7,776.0,0.19,0.773,0.796,0.131,0.188,triple_lowe,0.236,frp,0.002,0.0101
264,0.493,0.049,26.8,561.0,0.103,0.579,0.129,0.108,0.237,double_lowe,0.056,steel,0.001,0.0069
222,0.493,0.861,47.0,758.0,0.141,0.755,0.795,0.259,0.201,triple_lowe,0.147,steel,0.0,0.0065
157,0.509,0.728,49.9,754.0,0.103,0.714,0.659,0.669,0.276,triple_lowe,0.127,aluminum,0.032,0.0119
263,0.514,0.954,21.3,619.0,0.134,0.129,0.162,0.439,0.163,double_lowe,0.241,frp,0.022,0.0103
50,0.516,0.253,42.4,691.0,0.458,0.601,0.199,0.771,0.179,triple_lowe,0.188,timber,0.165,0.0108
190,0.517,0.963,51.3,822.0,0.135,0.755,0.653,0.613,0.247,triple_lowe,0.267,frp,0.002,0.0061
79,0.518,0.963,37.3,781.0,0.619,0.116,0.644,0.508,0.135,triple_lowe,0.266,frp,0.106,0.0043
80,0.521,0.962,45.4,801.0,0.485,0.343,0.488,0.74,0.177,triple_lowe,0.262,frp,0.0,0.0086
32,0.523,0.47,35.0,700.0,0.538,0.304,0.758,0.284,0.127,triple_lowe,0.075,steel,0.262,0.0116
94,0.523,0.679,45.9,739.0,0.297,0.512,0.758,0.566,0.208,triple_lowe,0.117,aluminum,0.097,0.0077
33,0.531,0.562,40.4,692.0,0.618,0.514,0.128,0.616,0.117,triple_lowe,0.078,frp,0.09,0.0064
48,0.533,0.815,27.1,580.0,0.169,0.481,0.103,0.251,0.22,double_lowe,0.119,frp,0.046,0.009
163,0.539,0.789,54.2,766.0,0.114,0.732,0.777,0.676,0.265,triple_lowe,0.112,frp,0.001,0.0113
119,0.541,0.822,9.0,579.0,0.183,0.134,0.171,0.125,0.051,triple_lowe,0.122,frp,0.592,0.0108
144,0.544,0.851,14.0,584.0,0.133,0.268,0.113,0.1,0.05,triple_lowe,0.133,frp,0.095,0.0118
89,0.548,0.642,45.0,712.0,0.767,0.273,0.469,0.71,0.179,triple_lowe,0.272,timber,0.099,0.0079
168,0.548,0.821,21.2,593.0,0.11,0.759,0.108,0.108,0.268,double_lowe,0.121,frp,0.594,0.0099
161,0.549,0.84,31.8,604.0,0.1,0.779,0.124,0.106,0.3,double_lowe,0.128,frp,0.068,0.0103
90,0.551,0.699,46.9,720.0,0.731,0.163,0.595,0.778,0.195,triple_lowe,0.296,timber,0.039,0.0104
91,0.551,0.942,37.6,733.0,0.316,0.598,0.64,0.17,0.085,triple_lowe,0.213,frp,0.129,0.0032
27,0.551,0.954,26.8,650.0,0.272,0.119,0.472,0.244,0.284,double_lowe,0.24,frp,0.007,0.0041
22,0.554,0.238,37.1,649.0,0.517,0.64,0.22,0.363,0.085,triple_lowe,0.186,timber,0.16,0.0074
35,0.554,0.964,44.8,873.0,0.694,0.267,0.705,0.692,0.242,triple_lowe,0.288,steel,0.203,0.0115
237,0.558,0.869,27.7,615.0,0.401,0.266,0.161,0.302,0.294,double_lowe,0.183,aluminum,0.051,0.0105
218,0.561,0.584,57.5,767.0,0.176,0.794,0.686,0.786,0.294,triple_lowe,0.08,frp,0.006,0.0068
265,0.567,0.819,58.2,788.0,0.13,0.773,0.796,0.776,0.296,triple_lowe,0.121,frp,0.001,0.0105
246,0.569,0.555,56.5,756.0,0.133,0.7,0.795,0.799,0.229,triple_lowe,0.077,frp,0.006,0.0117
116,0.57,0.847,56.2,793.0,0.121,0.789,0.795,0.784,0.29,triple_lowe,0.132,frp,0.075,0.0119
77,0.581,0.556,43.3,708.0,0.56,0.366,0.797,0.55,0.13,triple_lowe,0.244,timber,0.231,0.0049
158,0.585,0.515,59.4,772.0,0.184,0.793,0.796,0.787,0.28,triple_lowe,0.074,frp,0.022,0.0117
125,0.59,0.866,56.7,801.0,0.77,0.798,0.785,0.223,0.265,triple_lowe,0.14,frp,0.078,0.0111
185,0.603,0.804,16.6,536.0,0.13,0.117,0.326,0.109,0.071,double_lowe,0.116,frp,0.05,0.0073
102,0.604,0.861,23.6,580.0,0.158,0.176,0.455,0.186,0.116,double_lowe,0.147,steel,0.066,0.0119
255,0.606,0.951,28.3,623.0,0.114,0.141,0.788,0.104,0.185,double_lowe,0.232,frp,0.006,0.0074
262,0.614,0.08,62.9,778.0,0.334,0.799,0.794,0.776,0.261,triple_lowe,0.057,steel,0.002,0.0086
65,0.628,0.962,27.1,676.0,0.576,0.169,0.205,0.276,0.201,double_lowe,0.283,steel,0.147,0.0089
57,0.641,0.07,32.8,549.0,0.246,0.392,0.561,0.127,0.274,double_lowe,0.168,timber,0.09,0.0081
183,0.646,0.92,64.6,856.0,0.786,0.792,0.456,0.794,0.203,triple_lowe,0.194,steel,0.003,0.0097
105,0.647,0.961,28.6,645.0,0.342,0.218,0.115,0.624,0.223,double_lowe,0.26,frp,0.195,0.0111
210,0.647,0.419,66.6,806.0,0.549,0.798,0.778,0.783,0.299,triple_lowe,0.072,steel,0.006,0.009
202,0.648,0.96,63.8,868.0,0.772,0.658,0.8,0.611,0.201,triple_lowe,0.258,frp,0.004,0.0073
221,0.649,0.555,65.4,802.0,0.674,0.667,0.795,0.781,0.294,triple_lowe,0.077,frp,0.01,0.0095
217,0.656,0.955,67.2,876.0,0.593,0.793,0.788,0.766,0.271,triple_lowe,0.242,frp,0.005,0.0098
135,0.659,0.789,66.7,821.0,0.795,0.684,0.752,0.735,0.287,triple_lowe,0.112,frp,0.002,0.0088
99,0.661,0.567,22.7,557.0,0.209,0.214,0.735,0.227,0.288,double_lowe,0.247,timber,0.591,0.008
113,0.667,0.77,65.5,795.0,0.563,0.794,0.74,0.751,0.139,triple_lowe,0.107,frp,0.0,0.0111
20,0.667,0.87,39.1,737.0,0.77,0.45,0.346,0.522,0.053,triple_lowe,0.184,aluminum,0.27,0.0092
208,0.673,0.953,67.9,878.0,0.79,0.691,0.789,0.751,0.252,triple_lowe,0.238,frp,0.002,0.0106
181,0.68,0.849,68.2,838.0,0.69,0.793,0.783,0.717,0.169,triple_lowe,0.141,steel,0.0,0.0105
10,0.683,0.922,29.5,600.0,0.384,0.324,0.215,0.406,0.172,double_lowe,0.183,frp,0.22,0.0105
182,0.687,0.869,70.3,840.0,0.796,0.792,0.724,0.781,0.241,triple_lowe,0.142,frp,0.0,0.009
101,0.689,0.946,32.5,652.0,0.176,0.685,0.476,0.117,0.286,double_lowe,0.285,aluminum,0.336,0.0061
194,0.69,0.12,70.0,809.0,0.782,0.787,0.776,0.792,0.297,triple_lowe,0.055,frp,0.029,0.0092
162,0.694,0.848,40.7,603.0,0.101,0.665,0.603,0.102,0.292,double_lowe,0.132,frp,0.002,0.0097
235,0.695,0.958,71.4,894.0,0.794,0.797,0.777,0.781,0.256,triple_lowe,0.249,frp,0.003,0.0074
248,0.696,0.889,71.7,853.0,0.784,0.798,0.796,0.781,0.268,triple_lowe,0.154,frp,0.001,0.01
121,0.699,0.846,72.3,846.0,0.795,0.8,0.796,0.795,0.29,triple_lowe,0.131,frp,0.0,0.0117
124,0.699,0.439,72.1,819.0,0.795,0.798,0.797,0.799,0.3,triple_lowe,0.069,frp,0.006,0.0105
167,0.699,0.858,72.3,849.0,0.799,0.799,0.797,0.792,0.299,triple_lowe,0.136,frp,0.001,0.0057
207,0.7,0.352,71.1,816.0,0.791,0.759,0.795,0.799,0.211,triple_lowe,0.068,steel,0.001,0.0089
240,0.701,0.954,72.2,894.0,0.792,0.798,0.795,0.799,0.268,triple_lowe,0.24,frp,0.001,0.0102
107,0.701,0.877,72.4,854.0,0.8,0.799,0.797,0.799,0.285,triple_lowe,0.147,frp,0.001,0.012
155,0.702,0.683,72.5,828.0,0.8,0.799,0.799,0.799,0.275,triple_lowe,0.091,frp,0.001,0.012
213,0.708,0.076,72.2,805.0,0.792,0.798,0.796,0.8,0.2,triple_lowe,0.053,frp,0.002,0.0095
242,0.708,0.115,72.0,811.0,0.784,0.799,0.8,0.79,0.186,triple_lowe,0.058,steel,0.001,0.0069
251,0.711,0.355,71.6,805.0,0.784,0.796,0.796,0.781,0.161,triple_lowe,0.064,frp,0.003,0.01
173,0.713,0.958,35.2,629.0,0.118,0.241,0.594,0.439,0.163,double_lowe,0.252,frp,0.0,0.0103
227,0.716,0.024,19.0,504.0,0.138,0.107,0.356,0.19,0.052,double_lowe,0.052,frp,0.05,0.005
164,0.716,0.543,71.8,811.0,0.794,0.783,0.798,0.795,0.147,triple_lowe,0.076,frp,0.0,0.0107
108,0.733,0.868,68.4,838.0,0.8,0.798,0.786,0.799,0.103,triple_lowe,0.141,frp,0.091,0.012
212,0.739,0.155,42.9,570.0,0.101,0.634,0.751,0.1,0.297,double_lowe,0.056,frp,0.013,0.0073
82,0.739,0.92,37.7,646.0,0.202,0.122,0.51,0.741,0.277,double_lowe,0.195,steel,0.027,0.0062
5,0.744,0.931,27.5,610.0,0.645,0.158,0.335,0.306,0.147,double_lowe,0.252,aluminum,0.352,0.011
84,0.746,0.417,31.5,566.0,0.426,0.323,0.422,0.368,0.207,double_lowe,0.072,steel,0.32,0.0038
100,0.748,0.688,30.6,529.0,0.404,0.581,0.194,0.268,0.144,double_lowe,0.291,timber,0.365,0.009
78,0.749,0.871,28.6,583.0,0.241,0.331,0.269,0.66,0.171,double_lowe,0.143,frp,0.435,0.0093
142,0.75,0.826,17.3,545.0,0.101,0.106,0.757,0.105,0.065,double_lowe,0.123,frp,0.588,0.0105
15,0.751,0.803,32.6,600.0,0.166,0.526,0.236,0.682,0.287,double_lowe,0.15,aluminum,0.411,0.0071
13,0.752,0.963,29.3,675.0,0.394,0.445,0.118,0.553,0.173,double_lowe,0.287,steel,0.435,0.0106
62,0.775,0.895,33.1,607.0,0.104,0.681,0.327,0.425,0.152,double_lowe,0.17,steel,0.381,0.0046
197,0.776,0.866,44.8,614.0,0.419,0.789,0.161,0.308,0.294,double_lowe,0.181,aluminum,0.051,0.0076
122,0.78,0.82,45.6,598.0,0.103,0.695,0.788,0.101,0.29,double_lowe,0.121,frp,0.023,0.0112
250,0.78,0.057,43.6,558.0,0.133,0.579,0.796,0.118,0.207,double_lowe,0.057,steel,0.002,0.0068
209,0.798,0.861,29.8,554.0,0.114,0.242,0.765,0.107,0.066,double_lowe,0.138,frp,0.081,0.0108
234,0.799,0.197,27.0,515.0,0.1,0.147,0.791,0.101,0.058,double_lowe,0.057,frp,0.083,0.0064
51,0.803,0.893,33.5,590.0,0.719,0.34,0.163,0.348,0.133,double_lowe,0.203,aluminum,0.241,0.0066
53,0.809,0.944,37.1,622.0,0.282,0.171,0.769,0.462,0.192,double_lowe,0.218,frp,0.172,0.0106
123,0.811,0.648,31.1,531.0,0.1,0.758,0.136,0.133,0.054,double_lowe,0.112,aluminum,0.116,0.0032
103,0.811,0.885,39.2,623.0,0.462,0.241,0.636,0.398,0.245,double_lowe,0.162,steel,0.14,0.01
87,0.832,0.535,39.1,518.0,0.288,0.518,0.146,0.601,0.102,double_lowe,0.238,timber,0.084,0.0114
19,0.846,0.617,24.0,510.0,0.656,0.307,0.272,0.147,0.067,double_lowe,0.263,timber,0.517,0.0047
38,0.858,0.905,40.4,587.0,0.647,0.463,0.384,0.21,0.126,double_lowe,0.167,frp,0.121,0.0032
92,0.871,0.918,42.5,597.0,0.454,0.559,0.169,0.591,0.142,double_lowe,0.18,frp,0.141,0.0094
67,0.872,0.789,39.5,583.0,0.499,0.221,0.519,0.639,0.227,double_lowe,0.112,frp,0.237,0.0096
245,0.88,0.958,49.7,634.0,0.118,0.69,0.593,0.437,0.166,double_lowe,0.252,frp,0.0,0.0103
59,0.894,0.939,41.0,631.0,0.141,0.713,0.654,0.258,0.113,double_lowe,0.223,steel,0.257,0.0036
72,0.9,0.944,37.9,632.0,0.4,0.256,0.391,0.656,0.091,double_lowe,0.233,steel,0.171,0.0039
28,0.908,0.734,38.5,573.0,0.697,0.152,0.635,0.464,0.197,double_lowe,0.1,frp,0.295,0.0109
187,0.924,0.952,38.1,600.0,0.196,0.423,0.778,0.108,0.055,double_lowe,0.234,frp,0.05,0.009
110,0.933,0.642,40.9,538.0,0.1,0.784,0.514,0.142,0.056,double_lowe,0.111,aluminum,0.1,0.0034
85,0.947,0.429,47.2,552.0,0.527,0.468,0.738,0.174,0.111,double_lowe,0.073,steel,0.05,0.0035
37,0.95,0.79,38.0,553.0,0.302,0.509,0.373,0.431,0.057,double_lowe,0.145,aluminum,0.182,0.0064
93,0.955,0.96,44.6,691.0,0.779,0.317,0.669,0.357,0.281,double_lowe,0.276,steel,0.243,0.0101
97,0.959,0.838,45.3,597.0,0.452,0.638,0.572,0.443,0.23,double_lowe,0.165,aluminum,0.303,0.0095
130,0.963,0.848,56.9,603.0,0.101,0.659,0.596,0.792,0.296,double_lowe,0.132,frp,0.002,0.0099
6,0.972,0.613,50.0,583.0,0.686,0.417,0.451,0.614,0.285,double_lowe,0.107,aluminum,0.129,0.0031
55,0.978,0.48,42.6,548.0,0.279,0.675,0.442,0.581,0.106,double_lowe,0.092,aluminum,0.327,0.0092
179,0.983,0.964,57.2,667.0,0.391,0.787,0.777,0.244,0.298,double_lowe,0.272,frp,0.043,0.0089
259,0.988,0.206,56.7,550.0,0.328,0.77,0.796,0.231,0.168,double_lowe,0.058,frp,0.006,0.0073
231,0.992,0.327,54.0,568.0,0.186,0.648,0.634,0.71,0.213,double_lowe,0.067,steel,0.1,0.0104
154,1.002,0.84,57.7,601.0,0.102,0.791,0.8,0.554,0.292,double_lowe,0.128,frp,0.077,0.0103
233,1.005,0.91,48.9,614.0,0.753,0.274,0.785,0.257,0.111,double_lowe,0.183,steel,0.047,0.0083
88,1.006,0.95,45.7,624.0,0.76,0.779,0.123,0.472,0.141,double_lowe,0.23,frp,0.322,0.0077
86,1.03,0.702,41.0,554.0,0.409,0.464,0.55,0.648,0.09,double_lowe,0.094,frp,0.383,0.0102
192,1.032,0.238,59.1,556.0,0.18,0.694,0.779,0.61,0.19,double_lowe,0.059,frp,0.022,0.0115
63,1.043,0.949,39.9,604.0,0.63,0.253,0.328,0.678,0.055,double_lowe,0.227,frp,0.23,0.0053
104,1.046,0.945,51.4,626.0,0.474,0.644,0.683,0.404,0.12,double_lowe,0.282,aluminum,0.18,0.0035
211,1.053,0.918,62.2,648.0,0.654,0.789,0.797,0.135,0.294,double_lowe,0.192,steel,0.003,0.0071
31,1.054,0.92,55.3,604.0,0.497,0.57,0.443,0.758,0.145,double_lowe,0.182,frp,0.087,0.0073
214,1.057,0.841,43.8,560.0,0.783,0.201,0.799,0.103,0.051,double_lowe,0.129,frp,0.054,0.0084
21,1.092,0.949,46.7,616.0,0.553,0.556,0.313,0.583,0.051,double_lowe,0.294,aluminum,0.164,0.0103
49,1.099,0.933,40.9,609.0,0.324,0.657,0.426,0.784,0.072,double_lowe,0.257,aluminum,0.497,0.0048
216,1.099,0.372,64.0,562.0,0.1,0.795,0.779,0.721,0.148,double_lowe,0.069,steel,0.002,0.0099
201,1.107,0.067,64.5,567.0,0.786,0.768,0.8,0.133,0.235,double_lowe,0.057,steel,0.001,0.0072
267,1.117,0.901,65.9,628.0,0.143,0.761,0.8,0.794,0.211,double_lowe,0.175,steel,0.005,0.0077
147,1.126,0.5,60.5,551.0,0.146,0.69,0.799,0.75,0.102,double_lowe,0.073,frp,0.061,0.0114
44,1.137,0.86,44.6,585.0,0.704,0.786,0.106,0.796,0.094,double_lowe,0.177,aluminum,0.494,0.0074
112,1.144,0.684,68.2,584.0,0.243,0.78,0.794,0.784,0.287,double_lowe,0.091,frp,0.007,0.0103
47,1.158,0.902,61.5,614.0,0.728,0.719,0.694,0.327,0.1,double_lowe,0.175,steel,0.062,0.0118
236,1.167,0.891,57.4,581.0,0.706,0.593,0.796,0.231,0.06,double_lowe,0.156,frp,0.055,0.0108
41,1.185,0.702,50.3,578.0,0.787,0.699,0.699,0.469,0.182,double_lowe,0.121,aluminum,0.447,0.0038
241,1.19,0.919,70.8,625.0,0.384,0.789,0.795,0.751,0.294,double_lowe,0.181,frp,0.008,0.0083
64,1.19,0.949,42.7,624.0,0.784,0.588,0.626,0.574,0.105,double_lowe,0.228,frp,0.59,0.0068
198,1.195,0.899,61.8,605.0,0.665,0.793,0.792,0.107,0.053,double_lowe,0.173,steel,0.003,0.0086
239,1.207,0.623,70.9,571.0,0.518,0.794,0.617,0.794,0.201,double_lowe,0.084,frp,0.002,0.0056
150,1.218,0.5,65.1,547.0,0.101,0.792,0.788,0.79,0.058,double_lowe,0.073,frp,0.019,0.0031
30,1.222,0.879,58.8,599.0,0.744,0.476,0.75,0.731,0.131,double_lowe,0.19,aluminum,0.216,0.0087
184,1.225,0.066,70.3,554.0,0.783,0.74,0.791,0.428,0.161,double_lowe,0.053,frp,0.004,0.0075
139,1.226,0.842,68.0,579.0,0.79,0.747,0.745,0.36,0.092,double_lowe,0.129,frp,0.001,0.0118
249,1.228,0.951,71.1,634.0,0.693,0.798,0.469,0.792,0.162,double_lowe,0.232,frp,0.006,0.0099
117,1.266,0.842,71.5,602.0,0.795,0.757,0.625,0.734,0.299,double_lowe,0.129,frp,0.07,0.0119
189,1.288,0.861,69.9,582.0,0.727,0.665,0.795,0.557,0.068,double_lowe,0.138,frp,0.0,0.0109
175,1.291,0.291,72.3,549.0,0.41,0.793,0.795,0.778,0.074,double_lowe,0.061,frp,0.005,0.0085
191,1.365,0.551,80.8,578.0,0.786,0.793,0.787,0.791,0.296,double_lowe,0.077,frp,0.001,0.0118
220,1.365,0.173,80.5,566.0,0.795,0.794,0.765,0.797,0.258,double_lowe,0.056,frp,0.002,0.0088
256,1.369,0.189,77.5,558.0,0.653,0.798,0.796,0.764,0.074,double_lowe,0.061,steel,0.003,0.0085
149,1.374,0.439,81.1,574.0,0.795,0.792,0.797,0.799,0.299,double_lowe,0.069,frp,0.005,0.0037
145,1.38,0.866,81.6,606.0,0.799,0.797,0.799,0.799,0.288,double_lowe,0.141,frp,0.002,0.012
160,1.381,0.824,81.7,597.0,0.8,0.798,0.797,0.799,0.278,double_lowe,0.122,frp,0.0,0.011
129,1.386,0.497,80.4,565.0,0.79,0.783,0.787,0.797,0.145,double_lowe,0.072,frp,0.007,0.0108
228,1.387,0.948,80.9,635.0,0.789,0.798,0.797,0.781,0.149,double_lowe,0.225,frp,0.002,0.0099
176,1.388,0.498,80.9,566.0,0.797,0.795,0.794,0.78,0.148,double_lowe,0.072,frp,0.001,0.0099
204,1.392,0.954,81.3,642.0,0.792,0.798,0.795,0.799,0.161,double_lowe,0.241,frp,0.003,0.0102
109,1.398,0.822,81.6,588.0,0.8,0.798,0.797,0.797,0.149,double_lowe,0.122,frp,0.0,0.0108
206,1.417,0.216,80.5,554.0,0.784,0.793,0.796,0.781,0.075,double_lowe,0.058,frp,0.005,0.0063
115,1.446,0.83,81.6,584.0,0.799,0.8,0.799,0.797,0.058,double_lowe,0.125,frp,0.003,0.0109
