case,solution_id,u_eff_w_m2k_path_a,structural_reserve_path_a,sda_pct_path_a,cost_usd_m2,heating_eui_kwh_m2_yr_path_c_v2,cooling_eui_kwh_m2_yr_path_c_v2,total_eui_kwh_m2_yr_path_c_v2,sda_pct_path_c_v2,structural_utilization_path_c,structural_reserve_path_c,eplus_runtime_s,radiance_runtime_s,eplus_success,radiance_success,eplus_error,radiance_error
A_Houston,92,0.145,0.488,9.8,688.0,1.961802171224498,17.156842030201936,19.118644201426438,84.0,0.5008279863004232,0.49917201369957676,7.776156902313232,0.36299705505371094,True,True,,
A_Houston,8,0.203,0.171,16.4,745.0,1.878047100223742,19.304291516953317,21.18233861717706,100.0,0.820987356888711,0.17901264311128895,7.72064995765686,0.36614298820495605,True,True,,
A_Houston,177,0.222,0.82,14.7,669.0,2.028897131676926,18.46166251259241,20.49055964426934,100.0,0.17613679267182794,0.8238632073281721,7.669596910476685,0.36452388763427734,True,True,,
A_Houston,195,0.378,0.583,73.7,1264.0,1.7621136198572114,21.42866794555591,23.190781565413122,100.0,0.405093996418075,0.594906003581925,7.828108787536621,0.37534070014953613,True,True,,
A_Houston,108,0.389,0.719,11.8,578.0,2.41204932582438,18.052654967169403,20.46470429299378,84.0,0.27471204488366247,0.7252879551163376,7.528581142425537,0.36226892471313477,True,True,,
A_Houston,48,0.412,0.941,39.8,1121.0,2.0174513000089136,21.606728422555097,23.62417972256401,100.0,0.058899195124684146,0.9411008048753159,7.691318988800049,0.3761119842529297,True,True,,
A_Houston,77,0.523,0.375,54.3,739.0,2.0294200803780647,22.06561562465326,24.09503570503133,100.0,0.607832719249388,0.392167280750612,7.833568096160889,0.372133731842041,True,True,,
A_Houston,152,0.546,0.685,25.3,601.0,2.39503618022922,19.08271504280395,21.477751223033174,100.0,0.30529384258042014,0.6947061574195799,7.652331113815308,0.36781883239746094,True,True,,
A_Houston,221,0.57,0.572,68.6,785.0,1.9458689391200015,21.45828914809425,23.40415808721425,100.0,0.41244345211590305,0.587556547884097,7.798931121826172,0.377716064453125,True,True,,
A_Houston,202,0.579,0.89,68.3,833.0,2.04680253008859,21.355557611037426,23.402360141126014,100.0,0.10857168559749868,0.8914283144025014,7.794902086257935,0.3765299320220947,True,True,,
A_Houston,187,0.624,0.917,75.3,869.0,2.012052024813878,22.107163981620804,24.11921600643468,100.0,0.082754933046708,0.917245066953292,7.919265031814575,0.3788449764251709,True,True,,
A_Houston,146,0.64,0.698,16.5,535.0,2.938559352497299,19.470400224177173,22.40895957667447,100.0,0.2960510484850772,0.7039489515149229,7.906658172607422,0.3667581081390381,True,True,,
A_Houston,18,0.667,0.747,46.2,737.0,2.4031956752681327,22.799123773771356,25.20231944903949,100.0,0.24814111396802885,0.7518588860319712,7.664432048797607,0.37726688385009766,True,True,,
A_Houston,101,0.794,0.708,55.9,605.0,2.3887855477445687,20.550295961234735,22.939081508979307,100.0,0.2829597065093334,0.7170402934906666,7.699801921844482,0.3829519748687744,True,True,,
A_Houston,41,0.803,0.791,39.6,590.0,2.7924684938862767,21.941748272589884,24.73421676647616,100.0,0.20444333896623365,0.7955566610337663,7.855087041854858,0.37340497970581055,True,True,,
A_Houston,17,0.846,0.254,28.4,510.0,2.9985290882774733,21.65840475757666,24.656933845854134,100.0,0.7374564720584768,0.26254352794152325,7.5841453075408936,0.3716742992401123,True,True,,
A_Houston,233,1.043,0.279,58.7,539.0,2.997384816570137,21.690668215148055,24.68805303171819,100.0,0.7054327563758652,0.2945672436241348,7.576603174209595,0.379835844039917,True,True,,
A_Houston,25,1.054,0.844,65.3,604.0,2.775917159801154,23.006426636750675,25.78234379655183,100.0,0.15216039186317493,0.8478396081368251,7.829985857009888,0.38505983352661133,True,True,,
A_Houston,244,1.353,0.912,86.8,629.0,3.123270146110011,23.515446586212107,26.638716732322116,100.0,0.08683143241592861,0.9131685675840714,7.6205198764801025,0.39549922943115234,True,True,,
A_Houston,158,1.38,0.74,96.6,606.0,2.6656318761528746,22.800836956107112,25.466468832259988,100.0,0.2520364134572167,0.7479635865427833,7.782330274581909,0.38234710693359375,True,True,,
