case,solution_id,u_eff_w_m2k_path_a,structural_reserve_path_a,sda_pct_path_a,cost_usd_m2,heating_eui_kwh_m2_yr_path_c,cooling_eui_kwh_m2_yr_path_c,total_eui_kwh_m2_yr_path_c,sda_pct_path_c,structural_utilization_path_c,structural_reserve_path_c,eplus_runtime_s,radiance_runtime_s,eplus_success,radiance_success,eplus_error,radiance_error
A_Houston,92,0.145,0.488,9.8,688.0,5.832933478573459,29.689993816309034,35.52292729488249,28.000000000000004,0.5008279863004232,0.49917201369957676,4.253736972808838,0.3596501350402832,True,True,,
A_Houston,8,0.203,0.171,16.4,745.0,5.95614304391857,32.275362288901086,38.23150533281966,68.0,0.820987356888711,0.17901264311128895,3.1806130409240723,0.35762619972229004,True,True,,
A_Houston,177,0.222,0.82,14.7,669.0,5.990498914567977,31.03251598198597,37.023014896553946,56.00000000000001,0.17613679267182794,0.8238632073281721,3.1701440811157227,0.3564789295196533,True,True,,
A_Houston,195,0.378,0.583,73.7,1264.0,6.3968196297396585,41.63281170767594,48.0296313374156,100.0,0.405093996418075,0.594906003581925,3.401556968688965,0.3572690486907959,True,True,,
A_Houston,108,0.389,0.719,11.8,578.0,6.406915065209563,32.57073518753297,38.977650252742535,28.000000000000004,0.27471204488366247,0.7252879551163376,3.2892532348632812,0.35819172859191895,True,True,,
A_Houston,48,0.412,0.941,39.8,1121.0,6.487819875293151,41.73953191880859,48.22735179410174,96.0,0.058899195124684146,0.9411008048753159,3.51407790184021,0.35680198669433594,True,True,,
A_Houston,77,0.523,0.375,54.3,739.0,6.746091846736695,40.10887470694536,46.85496655368205,96.0,0.607832719249388,0.392167280750612,3.4106979370117188,0.3577151298522949,True,True,,
A_Houston,152,0.546,0.685,25.3,601.0,6.652682164858317,34.59962614761528,41.252308312473595,100.0,0.30529384258042014,0.6947061574195799,3.2459540367126465,0.35849499702453613,True,True,,
A_Houston,221,0.57,0.572,68.6,785.0,6.720079671526896,40.087215201027426,46.80729487255432,100.0,0.41244345211590305,0.587556547884097,3.42980694770813,0.3597450256347656,True,True,,
A_Houston,202,0.579,0.89,68.3,833.0,6.750771177858445,40.499166751212265,47.249937929070704,100.0,0.10857168559749868,0.8914283144025014,3.359372138977051,0.3600330352783203,True,True,,
A_Houston,187,0.624,0.917,75.3,869.0,6.876373904410215,42.219971993611644,49.09634589802186,100.0,0.082754933046708,0.917245066953292,3.4208791255950928,0.35877299308776855,True,True,,
A_Houston,146,0.64,0.698,16.5,535.0,6.913470493870375,34.91701057551098,41.83048106938135,56.00000000000001,0.2960510484850772,0.7039489515149229,3.4094038009643555,0.3624281883239746,True,True,,
A_Houston,18,0.667,0.747,46.2,737.0,6.966975070755242,43.00630308003322,49.97327815078846,92.0,0.24814111396802885,0.7518588860319712,3.554980993270874,0.3587620258331299,True,True,,
A_Houston,101,0.794,0.708,55.9,605.0,7.079065257967381,38.33715033099771,45.41621558896509,100.0,0.2829597065093334,0.7170402934906666,3.389857053756714,0.3600168228149414,True,True,,
A_Houston,41,0.803,0.791,39.6,590.0,7.230423288887617,38.317968631010494,45.54839191989811,88.0,0.20444333896623365,0.7955566610337663,3.3578689098358154,0.36054229736328125,True,True,,
A_Houston,17,0.846,0.254,28.4,510.0,7.288161534191484,39.41146975770871,46.69963129190019,80.0,0.7374564720584768,0.26254352794152325,3.441499948501587,0.3594491481781006,True,True,,
A_Houston,233,1.043,0.279,58.7,539.0,7.48990969267624,42.48331455615329,49.973224248829524,100.0,0.7054327563758652,0.2945672436241348,3.6063899993896484,0.3613288402557373,True,True,,
A_Houston,25,1.054,0.844,65.3,604.0,7.7036548907414195,42.882802156337775,50.58645704707919,100.0,0.15216039186317493,0.8478396081368251,3.462238073348999,0.360584020614624,True,True,,
A_Houston,244,1.353,0.912,86.8,629.0,8.100491066651577,48.18930140211573,56.28979246876731,100.0,0.08683143241592861,0.9131685675840714,3.6596338748931885,0.3593270778656006,True,True,,
A_Houston,158,1.38,0.74,96.6,606.0,8.065436687997378,44.803538207302076,52.86897489529946,100.0,0.2520364134572167,0.7479635865427833,3.4828920364379883,0.3591039180755615,True,True,,
B_NYC,179,0.143,0.784,5.6,687.0,6.768769403556949,24.172859549391596,30.941628952948545,20.0,0.21089985518168192,0.7891001448183181,3.1716971397399902,0.6925108432769775,True,True,,
B_NYC,47,0.284,0.943,33.5,1004.0,6.843822628552189,30.470700892193886,37.31452352074607,36.0,0.05632309129681866,0.9436769087031813,3.35105299949646,0.3581850528717041,True,True,,
B_NYC,173,0.285,0.814,40.6,993.0,6.798004138401978,31.248305992611172,38.04631013101315,100.0,0.18083662183076882,0.8191633781692311,3.2936341762542725,0.36077213287353516,True,True,,
B_NYC,120,0.369,0.774,65.1,1261.0,6.921841402658404,35.42133976207106,42.34318116472946,92.0,0.2193794245448861,0.7806205754551139,3.444115161895752,0.358867883682251,True,True,,
B_NYC,239,0.378,0.278,66.9,1242.0,6.920389108971633,35.43166190887773,42.35205101784937,100.0,0.6977709643160637,0.30222903568393633,3.4416768550872803,0.359874963760376,True,True,,
B_NYC,51,0.412,0.962,36.2,1121.0,7.4892292515254955,35.989559199141056,43.478788450666556,96.0,0.03820488332411898,0.961795116675881,3.551751136779785,0.35971593856811523,True,True,,
B_NYC,24,0.455,0.873,36.6,733.0,7.64254898906403,31.755938797902395,39.39848778696642,100.0,0.1246487021585586,0.8753512978414414,3.4207587242126465,0.3596220016479492,True,True,,
B_NYC,219,0.565,0.108,62.6,761.0,7.8457140006719,33.38431504035036,41.23002904102226,100.0,0.8672728280826926,0.13272717191730743,3.493350028991699,0.361522912979126,True,True,,
B_NYC,213,0.567,0.83,60.9,795.0,7.846590382480509,33.34838618895596,41.19497657143648,100.0,0.1658040660002556,0.8341959339997445,3.500326156616211,0.35825014114379883,True,True,,
B_NYC,253,0.597,0.802,10.6,542.0,8.989861779513022,27.742864552263267,36.73272633177629,32.0,0.1926181569110782,0.8073818430889218,3.3855090141296387,0.3594529628753662,True,True,,
B_NYC,193,0.696,0.92,77.3,887.0,8.030372411873005,35.58221333357598,43.61258574544898,100.0,0.07913093994959963,0.9208690600504004,3.6843369007110596,0.377547025680542,True,True,,
B_NYC,45,0.809,0.93,39.9,622.0,9.0418868807537,30.063226112225003,39.105112992978704,48.0,0.06915916979567256,0.9308408302043274,3.637565851211548,0.3593437671661377,True,True,,
B_NYC,18,0.846,0.516,25.8,510.0,9.815559968660208,30.52190899759521,40.33746896625543,72.0,0.4783501440379243,0.5216498559620757,3.515184164047241,0.3680109977722168,True,True,,
B_NYC,228,0.898,0.918,39.1,596.0,9.676643311870244,31.609139028082826,41.28578233995307,60.0,0.08092396193891514,0.9190760380610848,3.681014060974121,0.3582637310028076,True,True,,
B_NYC,257,0.908,0.574,38.9,551.0,9.869315969679375,31.421461809255735,41.290777778935116,96.0,0.41512832010198725,0.5848716798980127,3.4652092456817627,0.36122608184814453,True,True,,
B_NYC,137,0.96,0.809,61.8,604.0,9.635352637123756,32.11706735194157,41.752419989065324,100.0,0.18630784443677537,0.8136921555632246,3.6137239933013916,0.37744688987731934,True,True,,
B_NYC,158,1.108,0.697,70.0,587.0,9.920459185592922,32.53822313019202,42.45868231578495,100.0,0.29344556159564716,0.7065544384043528,3.5487608909606934,0.36127185821533203,True,True,,
B_NYC,151,1.215,0.675,71.7,565.0,10.422019273942304,34.610151931569945,45.03217120551225,100.0,0.3170078988574394,0.6829921011425606,3.7396340370178223,0.3605079650878906,True,True,,
B_NYC,218,1.281,0.921,76.9,624.0,10.566694607417178,35.5401827307205,46.10687733813768,100.0,0.07854666883374094,0.921453331166259,3.690500020980835,0.3595907688140869,True,True,,
B_NYC,181,1.45,0.8,87.9,585.0,11.370628536795063,37.179960303824835,48.550588840619895,100.0,0.19499596875910752,0.8050040312408925,3.7764358520507812,0.3609340190887451,True,True,,
C_Minneapolis,136,0.147,0.842,7.9,689.0,7.54469478910457,23.106187628400647,30.65088241750522,16.0,0.1543718086009605,0.8456281913990396,3.2340238094329834,0.6968910694122314,True,True,,
C_Minneapolis,186,0.247,0.427,12.9,595.0,8.28969420041705,23.949111618035513,32.23880581845256,56.00000000000001,0.552402013416884,0.447597986583116,3.4173331260681152,0.35772275924682617,True,True,,
C_Minneapolis,226,0.322,0.952,43.9,1117.0,7.702129308060059,32.75946604337177,40.46159535143183,100.0,0.047235634544683686,0.9527643654553163,3.4870800971984863,0.35916805267333984,True,True,,
C_Minneapolis,11,0.362,0.272,21.4,663.0,8.504291297833355,27.439129387656287,35.94342068548964,56.00000000000001,0.7097148215008147,0.29028517849918534,3.4302821159362793,0.35941195487976074,True,True,,
C_Minneapolis,42,0.372,0.96,20.8,885.0,9.247060730728224,28.524886482077633,37.771947212805856,20.0,0.0402256224048201,0.9597743775951799,3.5697500705718994,0.36263012886047363,True,True,,
C_Minneapolis,224,0.374,0.951,22.5,719.0,8.553295086087202,27.187332120608374,35.74062720669558,32.0,0.048035684697463485,0.9519643153025366,3.425600051879883,0.3588430881500244,True,True,,
C_Minneapolis,60,0.412,0.97,33.7,1121.0,9.1091367330967,35.15486204261538,44.263998775712075,88.0,0.030245532631594487,0.9697544673684055,3.699998140335083,0.3669719696044922,True,True,,
C_Minneapolis,79,0.518,0.963,37.3,781.0,9.424661622476473,31.157657323191934,40.58231894566841,28.000000000000004,0.03703870135654344,0.9629612986434566,3.5436551570892334,0.3592677116394043,True,True,,
C_Minneapolis,265,0.567,0.819,58.2,788.0,9.019365069003062,32.231565388759186,41.25093045776225,100.0,0.17527625596556148,0.8247237440344385,3.619019031524658,0.3647332191467285,True,True,,
C_Minneapolis,77,0.581,0.556,43.3,708.0,9.607954855140179,32.18922941516477,41.79718427030494,80.0,0.4387140679588591,0.561285932041141,3.7235310077667236,0.46842503547668457,True,True,,
C_Minneapolis,235,0.695,0.958,71.4,894.0,9.427986050829565,34.2970243698399,43.72501042066946,100.0,0.042161435273637735,0.9578385647263623,3.951425075531006,0.36287713050842285,True,True,,
C_Minneapolis,227,0.716,0.024,19.0,504.0,12.908175537668471,27.54267697788406,40.45085251555253,32.0,0.9458491529202441,0.054150847079755926,3.673074960708618,0.35839390754699707,True,True,,
C_Minneapolis,62,0.775,0.895,33.1,607.0,12.42334052835688,29.473553738543025,41.8968942668999,100.0,0.10214856010810287,0.8978514398918971,3.620112895965576,0.3707008361816406,True,True,,
C_Minneapolis,234,0.799,0.197,27.0,515.0,12.859479394834102,28.323447121477795,41.1829265163119,40.0,0.7865998140169371,0.21340018598306287,3.6994149684906006,0.3527510166168213,True,True,,
C_Minneapolis,53,0.809,0.944,37.1,622.0,11.703053330168572,28.21059365981206,39.913646989980634,48.0,0.05475100942157445,0.9452489905784256,3.6307477951049805,0.3773829936981201,True,True,,
C_Minneapolis,67,0.872,0.789,39.5,583.0,12.65597474063278,28.901827729789666,41.557802470422445,64.0,0.2043478103916769,0.7956521896083231,3.6602632999420166,0.3554496765136719,True,True,,
C_Minneapolis,72,0.9,0.944,37.9,632.0,13.56064597441437,29.258472221153422,42.819118195567796,60.0,0.054891262952248665,0.9451087370477513,3.6697840690612793,0.35515427589416504,True,True,,
C_Minneapolis,179,0.983,0.964,57.2,667.0,12.719078715302581,30.441703380660137,43.160782095962716,100.0,0.035454505090672,0.964545494909328,3.645737886428833,0.3771848678588867,True,True,,
C_Minneapolis,175,1.291,0.291,72.3,549.0,16.09237861206862,33.5672064874141,49.659585099482726,100.0,0.6865909888988107,0.31340901110118935,3.831799030303955,0.3594937324523926,True,True,,
C_Minneapolis,160,1.381,0.824,81.7,597.0,14.752298786700566,32.44437184920041,47.19667063590098,100.0,0.17243679912754648,0.8275632008724535,4.013230085372925,0.3602461814880371,True,True,,
