case,solution_id,u_eff_w_m2k_path_a,structural_reserve_path_a,sda_pct_path_a,cost_usd_m2,total_eui_kwh_m2_yr_path_c_v2,heating_eui_kwh_m2_yr_path_c_v2,cooling_eui_kwh_m2_yr_path_c_v2,sda_pct_path_c_v2,structural_utilization_path_c,eplus_success,radiance_success,fem_success,success,eplus_error,radiance_error,eval_time_s
B_NYC,179,0.143,0.784,5.6,687.0957336,19.664863052686204,11.095527802096997,8.569335250589209,84.0,0.21089985518168192,True,True,True,True,,,10.50025200843811
B_NYC,177,0.144,0.68,6.2,680.1949520000001,19.649748507085555,11.037915149125727,8.611833357959824,84.0,0.3108565086577936,True,True,True,True,,,10.499762058258057
B_NYC,127,0.145,0.743,9.2,688.0711216,19.639131522122007,11.006988064135914,8.63214345798609,84.0,0.2492068254414338,True,True,True,True,,,10.546120166778564
B_NYC,170,0.168,0.786,9.3,749.9105792,19.81164168378215,10.479377679110247,9.332264004671902,96.0,0.20756600144337484,True,True,True,True,,,10.570564031600952
B_NYC,118,0.182,0.681,12.1,763.1046784,19.785195239775618,10.164278164099036,9.620917075676584,96.0,0.3108565086577936,True,True,True,True,,,10.745886087417603
B_NYC,139,0.183,0.488,9.3,613.3140623999999,20.341816301889438,11.625152136765681,8.716664165123754,84.0,0.491998400904759,True,True,True,True,,,9.49807095527649
B_NYC,106,0.184,0.783,6.6,633.870158,20.343272317279038,11.60256957797196,8.740702739307075,84.0,0.21089985518168192,True,True,True,True,,,9.433975219726562
B_NYC,153,0.185,0.621,6.8,619.7500656,20.35197932457152,11.612868211702446,8.739111112869075,84.0,0.3657154042837948,True,True,True,True,,,9.47559118270874
B_NYC,167,0.188,0.726,18.5,783.4826647999997,19.734659897638473,9.73289537878989,10.001764518848582,100.0,0.2675308878589648,True,True,True,True,,,9.612514019012451
B_NYC,7,0.203,0.462,14.9,744.6282974,20.071127775951457,10.07232669848013,9.998801077471326,100.0,0.5325323396034869,True,True,True,True,,,9.755192995071411
B_NYC,159,0.206,0.815,28.4,849.5909021999998,19.69710726464254,10.211678834911863,9.48542842973068,100.0,0.18083662183076882,True,True,True,True,,,9.733597040176392
B_NYC,59,0.211,0.566,22.2,766.1334473333332,19.990241504893817,9.98148484268579,10.008756662208027,100.0,0.43212640212799225,True,True,True,True,,,9.893528699874878
B_NYC,67,0.212,0.937,15.6,879.1713664000001,20.02799500646722,9.93479643924421,10.093198567223007,100.0,0.06242263249706211,True,True,True,True,,,9.866713047027588
B_NYC,222,0.224,0.908,14.8,679.5225407999999,20.526399694732287,11.189728039496353,9.336671655235936,96.0,0.09088827477662192,True,True,True,True,,,9.839093923568726
B_NYC,49,0.233,0.82,21.5,910.7544361333331,20.162401144080825,9.638446404531354,10.523954739549472,100.0,0.17432603234660646,True,True,True,True,,,10.03329610824585
B_NYC,161,0.239,0.726,34.4,910.7950831999999,19.874347723763492,9.356245130113546,10.518102593649946,100.0,0.2675308878589648,True,True,True,True,,,10.121218919754028
B_NYC,8,0.242,0.922,27.1,987.4932463333333,20.164414310570784,9.612681703838595,10.55173260673219,100.0,0.07693170002008348,True,True,True,True,,,10.167750835418701
B_NYC,73,0.243,0.894,15.6,814.0138432,20.536948095594113,10.81073392837664,9.726214167217472,100.0,0.1046157459367475,True,True,True,True,,,10.00822901725769
B_NYC,140,0.252,0.787,7.1,600.6929475999999,21.182001316274203,12.234599810179576,8.947401506094625,84.0,0.20756600144337484,True,True,True,True,,,9.953851222991943
B_NYC,87,0.255,0.874,30.0,953.6936999999998,20.091840455588876,9.232474423919234,10.859366031669643,100.0,0.12404838644464258,True,True,True,True,,,10.227032899856567
B_NYC,48,0.264,0.901,30.1,1008.8772849999999,20.204613915967364,9.699390998013131,10.505222917954232,100.0,0.09778979871972199,True,True,True,True,,,10.223052024841309
B_NYC,204,0.265,0.644,11.0,585.9237608,21.31760960130156,12.300078453487366,9.017531147814193,88.0,0.3435466923253432,True,True,True,True,,,9.845403909683228
B_NYC,152,0.266,0.021,41.2,963.2186599999999,20.005285111520394,10.042780501631643,9.962504609888747,100.0,0.959534412175196,True,True,True,True,,,10.205102682113647
B_NYC,235,0.268,0.952,12.5,671.19226,21.287676102919495,12.095204808980517,9.192471293938977,92.0,0.047837678430652356,True,True,True,True,,,10.05707311630249
B_NYC,61,0.271,0.72,31.2,902.3004991999999,20.468894000267692,9.880026240764904,10.588867759502788,100.0,0.2724298878197714,True,True,True,True,,,10.293281078338623
B_NYC,135,0.278,0.838,45.2,1033.7304922,19.90644031913861,9.271474167637885,10.634966151500725,100.0,0.15680730719761882,True,True,True,True,,,10.243242025375366
B_NYC,89,0.283,0.865,31.0,1001.1943168,20.33688747001672,9.486933243590547,10.849954226426172,100.0,0.13215577177930604,True,True,True,True,,,10.195104122161865
B_NYC,47,0.284,0.943,33.5,1003.8557124,20.432496508867356,10.340606805521142,10.091889703346215,100.0,0.05632309129681866,True,True,True,True,,,10.110913038253784
B_NYC,44,0.284,0.938,34.9,1015.7902913999999,20.404971587915863,9.291527642510324,11.113443945405537,100.0,0.06119172412478056,True,True,True,True,,,10.182655811309814
B_NYC,173,0.285,0.814,40.6,992.6102415999999,20.281342222504996,10.026217780487245,10.255124442017753,100.0,0.18083662183076882,True,True,True,True,,,10.095335960388184
B_NYC,110,0.296,0.699,7.0,574.713867,21.872700543426777,13.050502788091146,8.822197755335633,84.0,0.29344556159564716,True,True,True,True,,,9.97517704963684
B_NYC,141,0.306,0.591,7.9,572.4560432,21.84181825915684,12.848429753701666,8.993388505455176,84.0,0.3987969204129931,True,True,True,True,,,9.988269090652466
B_NYC,75,0.308,0.94,40.0,1129.9514799999997,20.344723805543662,9.08576927746195,11.258954528081713,100.0,0.059170325017795226,True,True,True,True,,,10.27522897720337
B_NYC,39,0.312,0.88,39.0,1039.5722119999998,20.721069611241443,9.424763569087611,11.296306042153834,100.0,0.11735804395519099,True,True,True,True,,,10.280219793319702
B_NYC,201,0.313,0.914,10.6,643.252456,22.2895641106718,13.230132541935951,9.059431568735853,92.0,0.08470045354107052,True,True,True,True,,,9.925565958023071
B_NYC,132,0.314,0.775,50.0,1122.6022708666667,20.162571032410632,9.62961339295861,10.532957639452018,100.0,0.2193794245448861,True,True,True,True,,,10.673353910446167
B_NYC,236,0.315,0.953,43.8,1074.2501346000001,20.714266762469837,10.059884426233259,10.654382336236578,100.0,0.04610384421143809,True,True,True,True,,,10.602044820785522
B_NYC,46,0.315,0.772,32.9,971.9639704,20.736739378333304,9.817929726882813,10.918809651450493,100.0,0.22140158648281102,True,True,True,True,,,10.64119815826416
B_NYC,144,0.32,0.878,24.5,697.542663,21.25083812863553,11.85563825997027,9.395199868665259,100.0,0.1197883747475305,True,True,True,True,,,10.425683975219727
B_NYC,155,0.32,0.779,53.9,1143.3589507333334,20.132718831704906,9.568486710363565,10.564232121341341,100.0,0.21607306866914924,True,True,True,True,,,10.627533912658691
B_NYC,154,0.325,0.818,53.9,1145.0368832,19.968547555136734,9.036693473188139,10.931854081948599,100.0,0.1781915966812953,True,True,True,True,,,10.430357694625854
B_NYC,147,0.326,0.787,9.8,602.0670222,22.238744234462484,12.983163803125601,9.255580431336886,92.0,0.20756600144337484,True,True,True,True,,,10.443008184432983
B_NYC,202,0.33,0.914,55.8,1172.9527096,20.107328375497847,9.153684348075876,10.953644027421971,100.0,0.08470045354107052,True,True,True,True,,,10.45221996307373
B_NYC,223,0.332,0.572,56.4,1153.7075546666665,20.195386300437466,9.05463874588835,11.140747554549115,100.0,0.41764153115511893,True,True,True,True,,,10.490914106369019
B_NYC,227,0.332,0.954,34.2,759.5907564,20.819038500735058,10.780477057606454,10.038561443128604,100.0,0.04576855503912319,True,True,True,True,,,10.28325605392456
B_NYC,252,0.334,0.81,15.0,609.1092504000001,22.161063136842724,12.787387673339106,9.373675463503616,96.0,0.18600112192257348,True,True,True,True,,,10.525340795516968
B_NYC,105,0.334,0.809,15.0,604.3390295999999,22.450769661849534,13.207641077823153,9.24312858402638,92.0,0.18630784443677537,True,True,True,True,,,10.609320878982544
B_NYC,63,0.343,0.346,52.1,1069.6668061333332,20.695670200123416,9.401398303406712,11.294271896716703,100.0,0.6442141316300317,True,True,True,True,,,10.981289148330688
B_NYC,224,0.348,0.195,30.4,667.772384,20.75441449032302,10.651110742403368,10.10330374791965,100.0,0.7877646255021279,True,True,True,True,,,10.84145998954773
B_NYC,145,0.353,0.616,34.7,670.567509,21.06983927715754,10.91057190303578,10.159267374121765,100.0,0.3735865363901422,True,True,True,True,,,10.75951600074768
B_NYC,172,0.356,0.025,61.2,1173.9867671999998,20.341734759863595,9.083080480715074,11.258654279148521,100.0,0.959534412175196,True,True,True,True,,,11.191164255142212
B_NYC,91,0.357,0.627,49.0,1073.0320166666666,20.95965222850086,9.647837986400711,11.311814242100152,100.0,0.37210204582228723,True,True,True,True,,,11.15340280532837
B_NYC,150,0.359,0.627,14.1,577.1671696,22.41589724082999,13.003737701062027,9.412159539767966,96.0,0.35809182760125197,True,True,True,True,,,10.691811084747314
B_NYC,86,0.361,0.47,21.5,637.1215142666666,21.59768172647881,10.554767358363746,11.042914368115065,100.0,0.5242369111429788,True,True,True,True,,,11.061767339706421
B_NYC,10,0.362,0.08,23.0,662.8326797999998,21.62444023913521,11.013224621067707,10.611215618067503,100.0,0.8964818797905075,True,True,True,True,,,11.150162935256958
B_NYC,250,0.363,0.957,63.8,1301.6812341999998,20.26428525370097,9.013368998873066,11.250916254827903,100.0,0.04261022065687575,True,True,True,True,,,10.841231107711792
B_NYC,95,0.366,0.855,45.8,1110.9588843999998,21.247955038183292,9.919489608535123,11.328465429648167,100.0,0.14210458416384464,True,True,True,True,,,10.888424158096313
B_NYC,117,0.367,0.807,36.2,711.2683521999999,21.108047002826304,10.54822621894773,10.559820783878571,100.0,0.18913775072685018,True,True,True,True,,,10.735932350158691
B_NYC,120,0.369,0.774,65.1,1261.4127626666666,20.272604378319404,9.02120158193771,11.251402796381692,100.0,0.2193794245448861,True,True,True,True,,,10.809535026550293
B_NYC,212,0.374,0.316,65.7,1235.0855506,20.296934148277032,9.042690979288148,11.254243168988882,100.0,0.6641034289580252,True,True,True,True,,,10.861706018447876
B_NYC,217,0.374,0.952,26.0,725.5321449999998,21.52173240187294,11.726678886623718,9.79505351524922,100.0,0.047837678430652356,True,True,True,True,,,10.662007093429565
B_NYC,239,0.378,0.278,66.9,1242.4433815999996,20.288620790844128,9.035108491383609,11.253512299460517,100.0,0.6977709643160637,True,True,True,True,,,10.951245784759521
B_NYC,191,0.38,0.809,33.5,675.516075,21.61657953604425,11.464789398796615,10.151790137247634,100.0,0.18816805565568062,True,True,True,True,,,10.671663045883179
B_NYC,104,0.381,0.817,66.2,1281.2221464000002,20.25367954140354,9.004324151342946,11.249355390060591,100.0,0.1781915966812953,True,True,True,True,,,10.889997720718384
B_NYC,113,0.381,0.815,68.0,1282.2422800000002,20.24620548849615,8.997683411676949,11.248522076819201,100.0,0.18083662183076882,True,True,True,True,,,10.902878046035767
B_NYC,107,0.384,0.787,18.5,668.6319550000001,21.842611186219266,12.165900501945735,9.676710684273528,100.0,0.20756600144337484,True,True,True,True,,,10.71734881401062
B_NYC,66,0.385,0.69,26.3,662.9244366,22.163488497926426,11.69856571692947,10.464922780996954,100.0,0.30013752995939263,True,True,True,True,,,10.85418701171875
B_NYC,37,0.389,0.906,38.6,1020.8044850666665,22.076509323107203,11.249160638875075,10.827348684232124,100.0,0.09182281841752865,True,True,True,True,,,10.753271102905273
B_NYC,17,0.392,0.457,49.4,1051.823326,21.83871330457828,10.834478535332318,11.004234769245963,100.0,0.5279949815016646,True,True,True,True,,,10.720775127410889
B_NYC,244,0.401,0.58,67.3,1242.8295248000002,21.090418875369352,9.771160518327212,11.319258357042141,100.0,0.4077731104626874,True,True,True,True,,,10.999959945678711
B_NYC,31,0.401,0.066,26.2,662.7333002,21.371025576950235,10.51721107940075,10.853814497549482,100.0,0.9160696479321023,True,True,True,True,,,10.90958309173584
B_NYC,68,0.404,0.306,45.7,976.3496292000001,22.15621840856153,11.02155763670698,11.13466077185455,100.0,0.6853367389971534,True,True,True,True,,,10.713513135910034
B_NYC,51,0.412,0.962,36.2,1120.5355992,22.259010702269606,11.061634473120025,11.19737622914958,100.0,0.03820488332411898,True,True,True,True,,,10.781335592269897
B_NYC,103,0.414,0.718,42.3,720.7243411999998,21.57401111588153,11.235170075808155,10.338841040073376,100.0,0.2724298878197714,True,True,True,True,,,10.716225147247314
B_NYC,255,0.414,0.949,55.8,1181.9185619999998,22.163315512348106,11.065442884835992,11.097872627512114,100.0,0.05082544516195627,True,True,True,True,,,10.726436853408813
B_NYC,62,0.426,0.224,23.6,612.3742749999999,22.29039043081279,11.427037347902816,10.863353082909972,100.0,0.7657258653614881,True,True,True,True,,,10.879458904266357
B_NYC,195,0.428,0.949,66.8,1311.0001662,22.10785147758827,10.72913101437583,11.378720463212439,100.0,0.05082544516195627,True,True,True,True,,,10.833837747573853
B_NYC,64,0.431,0.944,34.5,741.7070304,22.031202695343744,11.094414671791938,10.936788023551806,100.0,0.05542011007246912,True,True,True,True,,,10.94950795173645
B_NYC,164,0.433,0.06,44.5,695.5397427999999,21.22473715799479,10.711399669712458,10.513337488282334,100.0,0.8964818797905075,True,True,True,True,,,10.844860076904297
B_NYC,15,0.442,0.887,28.2,731.7865344,22.47689651538765,10.753655694681317,11.723240820706332,100.0,0.11034805259927899,True,True,True,True,,,10.992791652679443
B_NYC,22,0.443,0.904,35.9,759.6219319999999,21.607990606373626,10.29142794401016,11.316562662363468,100.0,0.09462750367564778,True,True,True,True,,,10.909787893295288
B_NYC,27,0.443,0.962,30.8,796.173848,21.996122681949775,10.766316159323821,11.229806522625953,100.0,0.03795286133824631,True,True,True,True,,,10.979506969451904
B_NYC,237,0.445,0.084,46.6,687.4763386666668,21.418023568371467,10.441889665159534,10.976133903211933,100.0,0.8972512023635618,True,True,True,True,,,10.93974781036377
B_NYC,198,0.445,0.909,47.6,779.1437694,21.098104928236317,10.477185213654975,10.620919714581342,100.0,0.0901673895417809,True,True,True,True,,,10.935842752456665
B_NYC,53,0.446,0.503,30.1,669.1418684,22.360344985233716,11.268632923076172,11.091712062157542,100.0,0.48010323034582636,True,True,True,True,,,10.940590858459473
B_NYC,23,0.446,0.843,44.6,761.673716,21.57425354335058,10.777415283461988,10.796838259888595,100.0,0.1529140561674077,True,True,True,True,,,10.96792221069336
B_NYC,232,0.45,0.952,39.8,800.0910231999999,21.105513051613965,10.667649421236272,10.437863630377695,100.0,0.047837678430652356,True,True,True,True,,,10.958504915237427
B_NYC,24,0.455,0.873,36.6,733.0223051333332,22.53846001381729,11.489169742891194,11.049290270926097,100.0,0.1246487021585586,True,True,True,True,,,10.993380784988403
B_NYC,16,0.456,0.681,40.1,713.668602,22.383145079890323,10.817609703844928,11.565535376045393,100.0,0.3103927896218998,True,True,True,True,,,10.959869146347046
B_NYC,258,0.463,0.195,48.6,715.8505400000001,21.40431899597808,10.637469941191695,10.766849054786382,100.0,0.7877646255021279,True,True,True,True,,,10.99335503578186
B_NYC,13,0.465,0.927,41.6,772.0821538000001,22.069740404063566,10.888522609112512,11.181217794951055,100.0,0.07172605938500054,True,True,True,True,,,10.96360993385315
B_NYC,11,0.467,0.826,40.1,717.443658,22.509006890420263,11.140241190560502,11.36876569985976,100.0,0.16994779719292294,True,True,True,True,,,11.089972019195557
B_NYC,2,0.478,0.957,34.2,793.2757207999999,22.609945449918786,10.850390135464272,11.759555314454515,100.0,0.04231274247138875,True,True,True,True,,,11.063050270080566
B_NYC,33,0.479,0.437,37.4,688.62322,22.514277334140527,11.038576448573098,11.475700885567433,100.0,0.5443190096704681,True,True,True,True,,,11.306520223617554
B_NYC,88,0.479,0.839,28.6,710.8882348666667,22.88755743801028,11.725522093100235,11.162035344910043,100.0,0.15686600073390652,True,True,True,True,,,10.90578293800354
B_NYC,3,0.481,0.57,46.0,732.5480473999999,22.26853381839686,10.542447969213331,11.726085849183528,100.0,0.4170576091871363,True,True,True,True,,,11.104477882385254
B_NYC,94,0.495,0.935,38.1,766.485225,22.810638209021423,11.489225719337984,11.32141248968344,100.0,0.06495570758782153,True,True,True,True,,,10.915398120880127
B_NYC,52,0.496,0.939,39.6,761.9977911999998,22.48907938079763,11.557007748787324,10.932071632010304,100.0,0.060168138229007524,True,True,True,True,,,10.984025955200195
B_NYC,138,0.5,0.789,7.8,537.8385129999999,25.031707772957404,15.898818893671375,9.132888879286027,88.0,0.2043111177963317,True,True,True,True,,,10.593331813812256
B_NYC,35,0.504,0.931,39.9,795.0050934,22.51118715187474,10.758843574908349,11.752343576966393,100.0,0.06858419097275464,True,True,True,True,,,11.042409896850586
B_NYC,247,0.505,0.809,50.5,738.78384,22.150269525819823,11.069548848215947,11.080720677603876,100.0,0.18816805565568062,True,True,True,True,,,11.02473497390747
B_NYC,187,0.513,0.914,19.3,636.1470388,23.679541623516094,14.353291056016014,9.326250567500082,96.0,0.08470045354107052,True,True,True,True,,,10.778687953948975
B_NYC,81,0.517,0.916,46.4,803.0526816,21.91894374865607,10.833135870357104,11.085807878298967,100.0,0.081948965795154,True,True,True,True,,,11.032339334487915
B_NYC,71,0.518,0.953,40.2,780.502563,22.680244526501966,11.794503879998924,10.885740646503043,100.0,0.04678572802931853,True,True,True,True,,,11.019900798797607
B_NYC,72,0.521,0.952,48.8,800.5192687999998,22.692405971037065,10.951876927424163,11.740529043612902,100.0,0.04819633242521308,True,True,True,True,,,11.178063869476318
B_NYC,215,0.521,0.956,54.8,836.7262235999999,21.450807038958757,10.141777109096173,11.309029929862584,100.0,0.04383253790691382,True,True,True,True,,,11.152235984802246
B_NYC,30,0.523,0.33,37.7,700.0880881999999,22.84882292259873,11.503412178910324,11.345410743688406,100.0,0.6548511109122025,True,True,True,True,,,11.110970973968506
B_NYC,32,0.531,0.446,43.5,692.0647608,23.162414439386104,12.06660259977531,11.095811839610793,100.0,0.530478677234001,True,True,True,True,,,10.974805116653442
B_NYC,111,0.531,0.791,58.2,773.0964581999999,21.562320591053926,10.193678687560633,11.368641903493291,100.0,0.2043111177963317,True,True,True,True,,,11.142761945724487
B_NYC,41,0.533,0.766,29.2,579.8973119999999,24.01750397618852,13.474867182532332,10.542636793656191,100.0,0.22884785693490636,True,True,True,True,,,10.910777807235718
B_NYC,160,0.543,0.62,14.3,536.1984192,24.78842316901394,14.47890613481788,10.309517034196059,100.0,0.3657154042837948,True,True,True,True,,,10.735114097595215
B_NYC,80,0.548,0.548,48.4,712.0091640666667,22.375808330199835,10.980363268338756,11.39544506186108,100.0,0.44782309553196487,True,True,True,True,,,11.130619764328003
B_NYC,82,0.551,0.619,50.5,719.7021976666667,22.13444747345914,11.123570360110714,11.010877113348428,100.0,0.3795120122867751,True,True,True,True,,,11.090053081512451
B_NYC,25,0.551,0.942,28.8,650.0063511999999,24.06383380279138,13.51700787737751,10.546825925413865,100.0,0.05724860959807945,True,True,True,True,,,11.079959869384766
B_NYC,83,0.551,0.926,40.4,732.8061959999998,23.771695727495885,12.552857980004585,11.218837747491301,100.0,0.07239037060313679,True,True,True,True,,,11.02849793434143
B_NYC,21,0.554,0.037,39.9,648.8489599999999,23.886873636330233,12.450076413940085,11.43679722239015,100.0,0.945438819515254,True,True,True,True,,,11.08338975906372
B_NYC,219,0.565,0.108,62.6,760.9780116,21.435688530640164,10.116611909551212,11.319076621088954,100.0,0.8672728280826926,True,True,True,True,,,11.3025221824646
B_NYC,213,0.567,0.83,60.9,794.6010496000001,21.434898364821596,10.137039860097596,11.297858504724001,100.0,0.1658040660002556,True,True,True,True,,,11.424752235412598
B_NYC,185,0.57,0.81,35.2,607.0680981999999,23.222185339809137,12.983770356319642,10.238414983489497,100.0,0.18600112192257348,True,True,True,True,,,11.248099088668823
B_NYC,200,0.571,0.914,56.7,833.0884487999999,21.695496677466778,10.768775737376812,10.926720940089965,100.0,0.08470045354107052,True,True,True,True,,,11.443620920181274
B_NYC,114,0.572,0.806,36.1,603.9498656,23.333970532913607,12.962745540538188,10.371224992375419,100.0,0.18913775072685018,True,True,True,True,,,11.416735887527466
B_NYC,214,0.575,0.953,61.9,852.8213999999999,21.571317722167567,10.213030270415075,11.358287451752489,100.0,0.046442883099352045,True,True,True,True,,,11.672461986541748
B_NYC,149,0.579,0.785,24.9,600.562239,23.022648016662863,12.843616969501253,10.17903104716161,100.0,0.21089985518168192,True,True,True,True,,,11.459527015686035
B_NYC,69,0.581,0.439,46.6,708.1227593333332,23.15473422456146,11.365188065814408,11.78954615874705,100.0,0.5541651384743544,True,True,True,True,,,11.612678289413452
B_NYC,157,0.593,0.818,62.3,796.2796349999999,22.109904828650638,10.804547018476473,11.305357810174163,100.0,0.1781915966812953,True,True,True,True,,,11.610148906707764
B_NYC,175,0.595,0.47,64.7,766.5213919999999,21.99810504460846,10.501804882925887,11.496300161682578,100.0,0.5171623135843805,True,True,True,True,,,12.004743099212646
B_NYC,253,0.597,0.802,10.6,541.767559,26.584348923132566,17.213697965685803,9.370650957446763,88.0,0.1926181569110782,True,True,True,True,,,11.4203200340271
B_NYC,233,0.599,0.581,19.5,534.7845904,25.91942523704002,15.798905562942307,10.120519674097713,100.0,0.4079941010603171,True,True,True,True,,,11.818647146224976
B_NYC,97,0.604,0.824,25.4,579.824565,24.798518550950924,14.354104814275852,10.444413736675072,100.0,0.17198706482600995,True,True,True,True,,,11.752872943878174
B_NYC,186,0.616,0.921,36.2,614.8277191999999,23.78400549059304,13.716981144027615,10.06702434656542,100.0,0.07854666883374094,True,True,True,True,,,11.742620944976807
B_NYC,112,0.618,0.797,66.8,811.3065928,22.22255602749516,10.498704293046956,11.723851734448207,100.0,0.19802843843054516,True,True,True,True,,,12.172845840454102
B_NYC,58,0.628,0.952,29.1,676.3059040666667,24.878862442764238,14.363473928623478,10.515388514140762,100.0,0.047355017751140316,True,True,True,True,,,12.319453239440918
B_NYC,121,0.636,0.526,69.5,797.7836983999998,22.242996664000625,10.517248154135904,11.725748509864719,100.0,0.45757800413569816,True,True,True,True,,,12.210726022720337
B_NYC,100,0.647,0.951,30.8,645.3922797999999,24.898642663197748,14.336861635149983,10.561781028047768,100.0,0.04892601584683853,True,True,True,True,,,12.107109069824219
B_NYC,143,0.651,0.722,70.5,811.8244475999999,22.313055686931712,10.577521773059638,11.735533913872072,100.0,0.2724298878197714,True,True,True,True,,,12.275795936584473
B_NYC,238,0.654,0.646,36.9,588.311243,23.495208293469506,12.767927349756611,10.727280943712895,100.0,0.3435466923253432,True,True,True,True,,,12.232168912887573
B_NYC,259,0.655,0.954,70.7,887.1328736,22.267396272321722,10.539351003716451,11.728045268605273,100.0,0.04610384421143809,True,True,True,True,,,12.458372831344604
B_NYC,92,0.661,0.453,24.4,556.6522953333333,23.870348108778707,13.151130130996512,10.719217977782195,100.0,0.5410288586044746,True,True,True,True,,,12.420944929122925
B_NYC,188,0.663,0.827,72.1,836.4331824,22.316632024444882,10.580803672035467,11.735828352409415,100.0,0.16994779719292294,True,True,True,True,,,12.391416788101196
B_NYC,199,0.665,0.363,39.4,552.8261296,24.196530271432803,13.593439356693349,10.603090914739456,100.0,0.6221548835586072,True,True,True,True,,,12.231860160827637
B_NYC,19,0.667,0.836,42.1,736.5436336,25.281107453677055,13.379263285116709,11.901844168560347,100.0,0.16095639824953298,True,True,True,True,,,12.311607122421265
B_NYC,116,0.669,0.788,73.4,825.3496783999999,22.3565141332122,10.616310417263879,11.740203715948324,100.0,0.20756600144337484,True,True,True,True,,,12.622185945510864
B_NYC,197,0.678,0.044,74.4,805.3603721999999,22.212008843702733,10.488876104304405,11.723132739398327,100.0,0.9272003506363907,True,True,True,True,,,12.918243169784546
B_NYC,203,0.681,0.659,74.6,824.84655,22.323688354047803,10.587247112704251,11.736441241343554,100.0,0.329911337415333,True,True,True,True,,,12.534882068634033
B_NYC,9,0.683,0.901,31.7,599.7690312000001,26.124342713546824,14.63634335024813,11.487999363298693,100.0,0.09763718548317617,True,True,True,True,,,12.447808027267456
B_NYC,156,0.685,0.81,72.9,841.4290309999999,22.20665546291049,10.483865484582488,11.722789978328004,100.0,0.1835414312493003,True,True,True,True,,,12.74079179763794
B_NYC,245,0.686,0.952,74.1,898.7757684,22.267396272321722,10.539351003716451,11.728045268605273,100.0,0.0474830666616728,True,True,True,True,,,12.669035911560059
B_NYC,242,0.688,0.785,76.0,845.1560256,22.198451343024153,10.476946776899188,11.721504566124965,100.0,0.20951627442773654,True,True,True,True,,,12.72339415550232
B_NYC,248,0.689,0.079,75.7,810.8175536000001,22.20385519432962,10.481769511157664,11.722085683171958,100.0,0.8964818797905075,True,True,True,True,,,12.75879693031311
B_NYC,96,0.689,0.932,35.0,651.8212856,24.062186220988387,13.22151751191876,10.840668709069627,100.0,0.06811398379456764,True,True,True,True,,,12.979743957519531
B_NYC,229,0.694,0.852,77.0,860.1315944,22.20385519432962,10.481769511157664,11.722085683171958,100.0,0.14500639011065183,True,True,True,True,,,12.80662488937378
B_NYC,162,0.695,0.092,77.3,814.1952799999999,22.19288388099483,10.472148497694828,11.720735383300005,100.0,0.8672728280826926,True,True,True,True,,,12.83372712135315
B_NYC,193,0.696,0.92,77.3,887.2262351999999,22.214542240959485,10.491293688569598,11.723248552389888,100.0,0.07913093994959963,True,True,True,True,,,12.84626817703247
B_NYC,178,0.697,0.818,73.9,847.7013327999999,22.20107362992271,10.479307807727489,11.721765822195222,100.0,0.1781915966812953,True,True,True,True,,,12.941940069198608
B_NYC,148,0.7,0.808,77.9,847.9952,22.19288388099483,10.472148497694828,11.720735383300005,100.0,0.18630784443677537,True,True,True,True,,,12.85613489151001
B_NYC,254,0.7,0.95,77.3,898.4576639999998,22.380004785327706,10.638430518303648,11.741574267024058,100.0,0.049297172656617025,True,True,True,True,,,13.008113861083984
B_NYC,124,0.701,0.734,78.0,839.0455843999999,22.198451343024153,10.476946776899188,11.721504566124965,100.0,0.25812354996843545,True,True,True,True,,,13.022361040115356
B_NYC,171,0.701,0.802,45.5,604.0526199999999,23.718459644137454,12.969818745291182,10.748640898846272,100.0,0.19203311253086355,True,True,True,True,,,12.875110864639282
B_NYC,180,0.701,0.621,77.9,829.8256190000001,22.24006424294578,10.514580783414878,11.725483459530903,100.0,0.3657154042837948,True,True,True,True,,,12.94464898109436
B_NYC,207,0.702,0.802,55.8,772.7363104000001,24.844322581046658,13.722601287744805,11.121721293301853,100.0,0.19490318560778813,True,True,True,True,,,12.703083753585815
B_NYC,182,0.702,0.673,78.1,833.4706035999999,22.231359915561704,10.506709839512164,11.724650076049539,100.0,0.3170078988574394,True,True,True,True,,,12.84645700454712
B_NYC,166,0.704,0.561,77.3,823.0630743999999,22.39205760308324,10.649635224356066,11.742422378727177,100.0,0.42666473241957203,True,True,True,True,,,12.749619245529175
B_NYC,240,0.707,0.914,76.5,871.2720451999999,22.862131235593537,11.087688787449125,11.774442448144415,100.0,0.08470045354107052,True,True,True,True,,,12.801105976104736
B_NYC,115,0.726,0.789,19.0,549.3719391999999,25.4880715752674,15.428522804064295,10.059548771203106,100.0,0.2043111177963317,True,True,True,True,,,12.26768708229065
B_NYC,119,0.73,0.528,26.7,528.8311600000001,25.756660653047092,15.818273187740566,9.938387465306526,100.0,0.45757800413569816,True,True,True,True,,,12.325149059295654
B_NYC,74,0.739,0.9,40.6,646.42111,23.988357271369928,13.224122483594762,10.764234787775168,100.0,0.09843056584989884,True,True,True,True,,,12.678239107131958
B_NYC,4,0.744,0.913,29.6,609.8585032,25.781829567659813,14.73674253031737,11.045087037342444,100.0,0.08668999839620498,True,True,True,True,,,12.527292966842651
B_NYC,93,0.748,0.606,32.9,528.6538532,26.205900154113575,14.952174102076432,11.253726052037143,100.0,0.39237118051983194,True,True,True,True,,,12.72220492362976
B_NYC,70,0.749,0.837,30.8,583.2421754,25.540676283183767,14.0014167185536,11.53925956463017,100.0,0.1589860355303657,True,True,True,True,,,12.65565800666809
B_NYC,14,0.751,0.752,35.1,600.401818,24.396900344064512,13.085810080224247,11.311090263840264,100.0,0.24098595104497575,True,True,True,True,,,12.695585012435913
B_NYC,12,0.752,0.954,31.5,674.6956603333334,26.00653376030402,14.79775971547525,11.208774044828768,100.0,0.04607191596141999,True,True,True,True,,,12.681333065032959
B_NYC,196,0.755,0.786,48.2,604.6060636000001,23.661936118642146,12.852684537521567,10.809251581120579,100.0,0.20951627442773654,True,True,True,True,,,12.587229013442993
B_NYC,169,0.77,0.621,24.2,543.4543807999999,25.35466160363117,14.511602423996296,10.843059179634876,100.0,0.3657154042837948,True,True,True,True,,,12.554991006851196
B_NYC,54,0.775,0.867,35.6,607.4547409333333,25.093983514901513,13.557694911583049,11.536288603318466,100.0,0.12902976013655057,True,True,True,True,,,12.732703924179077
B_NYC,133,0.782,0.784,49.9,590.5422689999999,24.0929244857454,12.91689148643942,11.17603299930598,100.0,0.21089985518168192,True,True,True,True,,,12.7379310131073
B_NYC,256,0.782,0.921,32.0,602.857693,26.118770077813615,15.499925978478796,10.61884409933482,100.0,0.07854666883374094,True,True,True,True,,,12.965314149856567
B_NYC,29,0.8,0.94,24.5,634.8148974666667,25.835744088305315,15.105234012779546,10.730510075525771,100.0,0.058984503070865196,True,True,True,True,,,12.40366530418396
B_NYC,43,0.803,0.865,36.1,589.7584539999999,26.496261189824654,15.14870988020064,11.347551309624011,100.0,0.13261189554566688,True,True,True,True,,,12.687408924102783
B_NYC,45,0.809,0.93,39.9,622.6235072,25.141933811397934,14.024028323643334,11.1179054877546,100.0,0.06915916979567256,True,True,True,True,,,12.673556089401245
B_NYC,98,0.811,0.855,42.2,622.7248810000001,25.579686082594513,14.13496608638795,11.444719996206562,100.0,0.14192115992849666,True,True,True,True,,,13.130689144134521
B_NYC,210,0.815,0.944,51.0,652.813465,24.06514722115501,13.159150016795865,10.905997204359144,100.0,0.05542011007246912,True,True,True,True,,,12.65689992904663
B_NYC,78,0.832,0.413,42.0,518.5390977333334,26.681371934285938,15.406689407297574,11.274682526988364,100.0,0.5819345084454817,True,True,True,True,,,12.404183149337769
B_NYC,234,0.836,0.337,53.9,576.1229167999999,23.607146106504523,12.76589118441977,10.841254922084753,100.0,0.6400694781388958,True,True,True,True,,,12.624218940734863
B_NYC,18,0.846,0.516,25.8,509.7276522666666,27.825008845890398,16.7602756015977,11.064733244292697,100.0,0.4783501440379243,True,True,True,True,,,12.41641092300415
B_NYC,36,0.858,0.88,43.4,587.3930495999999,26.708213567836065,15.139849318788226,11.56836424904784,100.0,0.11697005667018913,True,True,True,True,,,12.679699897766113
B_NYC,109,0.864,0.62,55.5,584.1295236,23.871497328501974,12.85657719436918,11.014920134132792,100.0,0.3657154042837948,True,True,True,True,,,12.659540891647339
B_NYC,84,0.871,0.897,45.8,597.0757284,26.45409462845272,15.049400281269993,11.404694347182726,100.0,0.10087464205866549,True,True,True,True,,,12.49713921546936
B_NYC,60,0.872,0.733,42.5,582.7295243999998,25.585955761048925,14.204140140729894,11.381815620319031,100.0,0.25812354996843545,True,True,True,True,,,12.683655977249146
B_NYC,50,0.894,0.923,44.1,631.4255008666667,25.69997482313647,14.280814185588444,11.419160637548025,100.0,0.07558063683881794,True,True,True,True,,,12.509724140167236
B_NYC,228,0.898,0.918,39.1,596.3700412,27.909811132576234,17.062438758700615,10.847372373875622,100.0,0.08092396193891514,True,True,True,True,,,12.31644606590271
B_NYC,65,0.9,0.93,40.8,631.7560385333334,27.30564183012942,15.686292918094097,11.619348912035322,100.0,0.06933633215020917,True,True,True,True,,,12.43853497505188
B_NYC,26,0.908,0.664,41.4,572.6033544,25.52378600562271,14.376808033539273,11.146977972083436,100.0,0.3233448587152221,True,True,True,True,,,12.564522981643677
B_NYC,257,0.908,0.574,38.9,550.7826999999999,26.710952252269795,16.11268237333862,10.598269878931175,100.0,0.41512832010198725,True,True,True,True,,,12.51416802406311
B_NYC,6,0.912,0.946,41.2,686.6918156666666,25.694398552312716,14.019659971171288,11.674738581141424,100.0,0.05386061289932344,True,True,True,True,,,12.64863109588623
B_NYC,101,0.914,0.782,30.6,562.5406684,27.81146141608567,16.273632346755672,11.537829069330002,100.0,0.21211237944471958,True,True,True,True,,,12.479787826538086
B_NYC,57,0.944,0.924,51.1,638.8900904,26.00219896398165,14.077035450484017,11.925163513497633,100.0,0.0744402820445554,True,True,True,True,,,12.820940971374512
B_NYC,76,0.947,0.279,50.8,552.0400214666666,26.87369019614543,15.427680153072124,11.446010043073306,100.0,0.6911293738136509,True,True,True,True,,,12.518386125564575
B_NYC,34,0.95,0.735,40.8,553.179457,28.86896417617001,16.802033683460465,12.066930492709544,100.0,0.2577064284689365,True,True,True,True,,,12.507272005081177
B_NYC,85,0.955,0.95,47.9,691.2030068,25.89467805567694,14.065978407226355,11.828699648450586,100.0,0.04973515979028558,True,True,True,True,,,12.71312403678894
B_NYC,90,0.959,0.796,48.8,597.16201,26.276547770395805,14.309048420302389,11.967499350093414,100.0,0.19959806457821122,True,True,True,True,,,12.775131702423096
B_NYC,137,0.96,0.809,61.8,603.414653,24.37533473251447,12.821745722135173,11.553589010379298,100.0,0.18630784443677537,True,True,True,True,,,12.658497095108032
B_NYC,205,0.964,0.397,48.0,546.4529259999999,26.77152630401223,15.53951619405302,11.23201010995921,100.0,0.5840783286360874,True,True,True,True,,,12.67824411392212
B_NYC,1,0.966,0.923,38.2,613.5496494,27.09681790073862,15.180462003276878,11.916355897461745,100.0,0.07627396331975865,True,True,True,True,,,12.6998291015625
B_NYC,5,0.972,0.511,53.8,583.600152,26.069668385234017,14.122721383458282,11.946947001775733,100.0,0.4707929453504427,True,True,True,True,,,12.787818908691406
B_NYC,130,0.981,0.675,36.9,548.9397878,27.2804753197557,16.92927275041511,10.35120256934059,100.0,0.3170078988574394,True,True,True,True,,,12.404034852981567
B_NYC,183,0.985,0.792,30.3,558.2435095999999,26.77297859056906,16.02794112814,10.745037462429059,100.0,0.2011327244829488,True,True,True,True,,,12.74631118774414
B_NYC,168,0.994,0.793,46.3,558.319832,26.839263144393687,16.086365694174884,10.752897450218803,100.0,0.2011327244829488,True,True,True,True,,,12.420655965805054
B_NYC,174,1.0,0.53,49.9,542.727076,26.62731843384764,15.384306212331351,11.24301222151629,100.0,0.45757800413569816,True,True,True,True,,,12.383771181106567
B_NYC,216,1.002,0.786,62.7,604.9747899999999,25.348101991077282,14.141952662301128,11.206149328776153,100.0,0.20951627442773654,True,True,True,True,,,12.600334882736206
B_NYC,79,1.006,0.937,49.2,623.6269556,26.36142740091732,15.116178118567577,11.245249282349745,100.0,0.06224198093404398,True,True,True,True,,,12.600679159164429
B_NYC,108,1.021,0.797,64.3,596.2554868,24.401417483498918,12.86120522788858,11.540212255610339,100.0,0.19802843843054516,True,True,True,True,,,12.707544088363647
B_NYC,77,1.03,0.623,44.1,553.7653859999999,27.836446497489767,15.76822385207211,12.068222645417656,100.0,0.3657154042837948,True,True,True,True,,,12.523492097854614
B_NYC,55,1.043,0.935,42.9,604.3574729999999,28.742343340674324,17.115758998507136,11.62658434216719,100.0,0.0638694367863834,True,True,True,True,,,12.463912963867188
B_NYC,99,1.046,0.93,55.3,626.0442799999998,27.230465887966993,15.207850930595495,12.022614957371498,100.0,0.0695395492626958,True,True,True,True,,,12.736938953399658
B_NYC,28,1.054,0.899,59.5,604.2777639999999,26.896938276752763,14.891602743033717,12.005335533719048,100.0,0.0986986325598984,True,True,True,True,,,12.736783742904663
B_NYC,221,1.055,0.667,67.1,591.4857261999999,25.361816108536548,14.176682089173141,11.185134019363405,100.0,0.32486139651919926,True,True,True,True,,,12.662287950515747
B_NYC,225,1.066,0.942,65.6,651.1119404000001,25.40486975894703,14.210835697699464,11.194034061247566,100.0,0.05724860959807945,True,True,True,True,,,12.622255802154541
B_NYC,220,1.076,0.382,69.3,576.6070236,24.307426854134768,12.772545918126946,11.534880936007822,100.0,0.6055077917235117,True,True,True,True,,,12.76102089881897
B_NYC,243,1.092,0.652,70.5,592.5229343999999,24.315665764894558,12.776711123985303,11.538954640909251,100.0,0.34037361145347306,True,True,True,True,,,12.69258189201355
B_NYC,20,1.092,0.936,50.3,616.524217,29.42332162374514,17.359367723058888,12.063953900686254,100.0,0.06409422563404368,True,True,True,True,,,12.483675718307495
B_NYC,42,1.099,0.916,44.0,609.1223248,28.263810391150983,16.209602407868182,12.054207983282799,100.0,0.08341238401830453,True,True,True,True,,,12.867155075073242
B_NYC,192,1.106,0.799,45.9,568.12339,29.22544854753326,17.79418177997466,11.431266767558597,100.0,0.19722948734734236,True,True,True,True,,,12.794756174087524
B_NYC,158,1.108,0.697,70.0,586.6981239999999,25.363147563388196,14.277549405518474,11.08559815786972,100.0,0.29344556159564716,True,True,True,True,,,13.11276125907898
B_NYC,38,1.137,0.823,48.0,585.0069952,27.22658256641598,15.98834164753934,11.238240918876642,100.0,0.17375863139003284,True,True,True,True,,,13.239577054977417
B_NYC,128,1.139,0.788,64.8,573.301289,27.178015012429118,15.993165367471217,11.184849644957898,100.0,0.20756600144337484,True,True,True,True,,,13.663104057312012
B_NYC,40,1.158,0.876,66.1,613.8589116666667,27.53086940430525,15.548858576812039,11.98201082749321,100.0,0.12185187988706321,True,True,True,True,,,12.852099895477295
B_NYC,189,1.17,0.922,51.7,617.0916436,27.89558330789496,16.453317752920846,11.442265554974112,100.0,0.07739763241181473,True,True,True,True,,,12.640305280685425
B_NYC,184,1.171,0.921,66.5,616.3619788000001,27.89855276101548,16.4488083516309,11.449744409384582,100.0,0.07854666883374094,True,True,True,True,,,12.56943678855896
B_NYC,56,1.19,0.936,46.0,623.719444,27.486119645415293,15.449588048681724,12.03653159673357,100.0,0.06331984641691708,True,True,True,True,,,12.549999237060547
B_NYC,241,1.19,0.868,65.8,591.570167,28.48174152409128,17.13048052827422,11.351260995817059,100.0,0.13007588922350288,True,True,True,True,,,12.464548826217651
B_NYC,142,1.194,0.675,55.4,560.809042,28.000148044261994,16.741551751692306,11.258596292569687,100.0,0.3170078988574394,True,True,True,True,,,12.425770044326782
B_NYC,209,1.212,0.921,77.0,644.6500715999999,26.05085980927378,14.105562199818669,11.945297609455116,100.0,0.07854666883374094,True,True,True,True,,,12.699731826782227
B_NYC,151,1.215,0.675,71.7,564.5288976,27.582638465266214,16.050072967717337,11.532565497548875,100.0,0.3170078988574394,True,True,True,True,,,12.468261957168579
B_NYC,125,1.227,0.8,48.7,572.8453959999999,28.529632439379913,17.205492648992543,11.324139790387369,100.0,0.19499596875910752,True,True,True,True,,,12.448755025863647
B_NYC,123,1.251,0.801,78.7,598.0384904,26.15712154774421,14.199334544176674,11.957787003567534,100.0,0.19499596875910752,True,True,True,True,,,12.767741203308105
B_NYC,208,1.255,0.951,77.6,693.7667809999999,26.06011114380372,14.11401277713273,11.946098366670993,100.0,0.04869330246102425,True,True,True,True,,,12.867902755737305
B_NYC,231,1.265,0.045,80.3,570.0036491999999,26.044668196361886,14.099985953213151,11.944682243148735,100.0,0.9272003506363907,True,True,True,True,,,12.6906418800354
B_NYC,122,1.271,0.799,76.7,581.5413824,27.70219653280064,15.654908034659208,12.047288498141434,100.0,0.19499596875910752,True,True,True,True,,,12.762892961502075
B_NYC,218,1.281,0.921,76.9,623.6533876000001,28.03912878485848,15.97112199527769,12.068006789580792,100.0,0.07854666883374094,True,True,True,True,,,12.58113718032837
B_NYC,126,1.292,0.579,74.7,563.8256884,27.810079205130933,15.733573363929455,12.07650584120148,100.0,0.4077731104626874,True,True,True,True,,,12.572228908538818
B_NYC,211,1.313,0.065,82.7,569.646416,26.069668385234017,14.122721383458282,11.946947001775733,100.0,0.8964818797905075,True,True,True,True,,,12.82122802734375
B_NYC,134,1.319,0.799,78.9,598.8311908,26.138664030033894,14.182396190060018,11.956267839973872,100.0,0.19499596875910752,True,True,True,True,,,12.781728982925415
B_NYC,251,1.33,0.956,83.9,666.5923368,26.048063527371507,14.102990096096942,11.945073431274562,100.0,0.04383253790691382,True,True,True,True,,,12.78987717628479
B_NYC,230,1.35,0.918,79.7,622.0584759999999,28.96412809698237,16.838160307906467,12.125967789075906,100.0,0.08092396193891514,True,True,True,True,,,12.529980897903442
B_NYC,206,1.359,0.928,86.4,649.4875759999999,26.06622499702597,14.11960624819486,11.94661874883111,100.0,0.071011018632342,True,True,True,True,,,12.876789093017578
B_NYC,246,1.374,0.679,87.0,594.0963464,26.031197730394172,14.08820730163423,11.942990428759941,100.0,0.3103927896218998,True,True,True,True,,,12.994687795639038
B_NYC,165,1.375,0.025,87.2,567.402469,26.139638395404006,14.186763147383552,11.952875248020456,100.0,0.959534412175196,True,True,True,True,,,12.906653881072998
B_NYC,136,1.377,0.677,87.7,588.824956,26.053939213170626,14.108420648717317,11.945518564453307,100.0,0.3108565086577936,True,True,True,True,,,12.991714000701904
B_NYC,131,1.378,0.808,72.6,602.8754992,26.028439104417878,14.085713505251606,11.942725599166273,100.0,0.18630784443677537,True,True,True,True,,,13.078795909881592
B_NYC,146,1.38,0.808,87.5,602.8700122,26.028439104417878,14.085713505251606,11.942725599166273,100.0,0.18630784443677537,True,True,True,True,,,12.994598865509033
B_NYC,102,1.381,0.804,87.8,599.2400372,26.15712154774421,14.199334544176674,11.957787003567534,100.0,0.19203311253086355,True,True,True,True,,,12.843307971954346
B_NYC,163,1.382,0.696,87.8,588.170056,26.149596787589644,14.192419001621651,11.957177785967993,100.0,0.29344556159564716,True,True,True,True,,,12.771903991699219
B_NYC,190,1.401,0.657,85.8,576.384688,28.132379387263143,16.05927792436139,12.073101462901754,100.0,0.3350808056962423,True,True,True,True,,,12.617130994796753
B_NYC,249,1.401,0.794,87.0,586.9847932,27.54927746098419,15.509460387447401,12.039817073536788,100.0,0.2011327244829488,True,True,True,True,,,12.661669731140137
B_NYC,129,1.403,0.809,72.6,591.3960816,27.12422343728503,15.107047513146458,12.017175924138574,100.0,0.18630784443677537,True,True,True,True,,,12.739078283309937
B_NYC,176,1.425,0.673,87.4,573.798895,28.305971084646412,16.222903031468007,12.083068053178401,100.0,0.3170078988574394,True,True,True,True,,,11.307683944702148
B_NYC,194,1.441,0.913,86.1,622.8995799999999,29.576575022470223,17.417983534826572,12.15859148764365,100.0,0.08601899678864494,True,True,True,True,,,11.306455850601196
B_NYC,226,1.443,0.805,86.8,591.920804,29.129190398619183,16.994957173542144,12.134233225077041,100.0,0.19037342837764218,True,True,True,True,,,11.169450998306274
B_NYC,181,1.45,0.8,87.9,585.3027149999999,29.24867859857492,17.10775663221552,12.140921966359405,100.0,0.19499596875910752,True,True,True,True,,,10.90794587135315
