objective,case,variable,sobol_s1,sobol_st
thermal_total_eui_path_b,A_Houston,wwr_north,0.051,0.055
thermal_total_eui_path_b,A_Houston,wwr_south,0.041,0.047
thermal_total_eui_path_b,A_Houston,wwr_east,0.576,0.597
thermal_total_eui_path_b,A_Houston,wwr_west,0.011,0.011
thermal_total_eui_path_b,A_Houston,insulation_m,0.001,0.0
thermal_total_eui_path_b,A_Houston,glazing_idx,0.108,0.113
thermal_total_eui_path_b,A_Houston,member_depth_m,0.0,0.0
thermal_total_eui_path_b,A_Houston,framing_idx,0.0,0.0
thermal_total_eui_path_b,A_Houston,overhang_ratio,0.187,0.203
thermal_total_eui_path_b,A_Houston,panel_thickness_m,0.0,0.0
thermal_total_eui_path_b,B_NYC,wwr_north,0.054,0.058
thermal_total_eui_path_b,B_NYC,wwr_south,0.071,0.079
thermal_total_eui_path_b,B_NYC,wwr_east,0.485,0.503
thermal_total_eui_path_b,B_NYC,wwr_west,0.017,0.018
thermal_total_eui_path_b,B_NYC,insulation_m,0.002,0.001
thermal_total_eui_path_b,B_NYC,glazing_idx,0.17,0.176
thermal_total_eui_path_b,B_NYC,member_depth_m,0.0,0.0
thermal_total_eui_path_b,B_NYC,framing_idx,0.0,0.0
thermal_total_eui_path_b,B_NYC,overhang_ratio,0.179,0.192
thermal_total_eui_path_b,B_NYC,panel_thickness_m,0.0,0.0
thermal_total_eui_path_b,C_Minneapolis,wwr_north,0.068,0.074
thermal_total_eui_path_b,C_Minneapolis,wwr_south,0.046,0.053
thermal_total_eui_path_b,C_Minneapolis,wwr_east,0.443,0.461
thermal_total_eui_path_b,C_Minneapolis,wwr_west,0.014,0.016
thermal_total_eui_path_b,C_Minneapolis,insulation_m,0.006,0.004
thermal_total_eui_path_b,C_Minneapolis,glazing_idx,0.264,0.27
thermal_total_eui_path_b,C_Minneapolis,member_depth_m,0.0,0.0
thermal_total_eui_path_b,C_Minneapolis,framing_idx,0.0,0.0
thermal_total_eui_path_b,C_Minneapolis,overhang_ratio,0.139,0.15
thermal_total_eui_path_b,C_Minneapolis,panel_thickness_m,0.0,0.0
