objective,case,variable,sobol_s1,sobol_st,interaction_share
thermal,A_Houston,wwr_north,0.0235,0.0353,0.0118
thermal,A_Houston,wwr_south,0.0211,0.0336,0.0124
thermal,A_Houston,wwr_east,0.0194,0.0343,0.0149
thermal,A_Houston,wwr_west,0.023,0.0314,0.0085
thermal,A_Houston,insulation_m,0.04,0.0414,0.0014
thermal,A_Houston,glazing_idx,0.8653,0.9064,0.041
thermal,A_Houston,member_depth_m,0.0,0.0,0.0
thermal,A_Houston,framing_idx,0.0,0.0,0.0
thermal,A_Houston,overhang_ratio,0.0,0.0,0.0
thermal,A_Houston,panel_thickness_m,0.0,0.0,0.0
structural,A_Houston,wwr_north,0.0,0.0,0.0
structural,A_Houston,wwr_south,0.0,0.0,0.0
structural,A_Houston,wwr_east,0.0,0.0,0.0
structural,A_Houston,wwr_west,0.0,0.0,0.0
structural,A_Houston,insulation_m,0.0,0.0,0.0
structural,A_Houston,glazing_idx,0.0,0.0,0.0
structural,A_Houston,member_depth_m,0.2585,0.7302,0.4717
structural,A_Houston,framing_idx,0.2342,0.469,0.2348
structural,A_Houston,overhang_ratio,0.0,0.0,0.0
structural,A_Houston,panel_thickness_m,0.0,0.0,0.0
daylight,A_Houston,wwr_north,0.1145,0.1188,0.0043
daylight,A_Houston,wwr_south,0.25,0.2661,0.0162
daylight,A_Houston,wwr_east,0.1401,0.1436,0.0034
daylight,A_Houston,wwr_west,0.1407,0.1445,0.0038
daylight,A_Houston,insulation_m,0.0,0.0,0.0
daylight,A_Houston,glazing_idx,0.1413,0.1505,0.0092
daylight,A_Houston,member_depth_m,0.0,0.0,0.0
daylight,A_Houston,framing_idx,0.0,0.0,0.0
daylight,A_Houston,overhang_ratio,0.1891,0.2003,0.0112
daylight,A_Houston,panel_thickness_m,0.0,0.0,0.0
cost,A_Houston,wwr_north,0.0132,0.0261,0.0129
cost,A_Houston,wwr_south,0.0143,0.0256,0.0112
cost,A_Houston,wwr_east,0.0107,0.0256,0.0149
cost,A_Houston,wwr_west,0.0174,0.0233,0.0059
cost,A_Houston,insulation_m,0.0041,0.0059,0.0018
cost,A_Houston,glazing_idx,0.8311,0.8708,0.0397
cost,A_Houston,member_depth_m,0.026,0.0278,0.0018
cost,A_Houston,framing_idx,0.0371,0.0449,0.0078
cost,A_Houston,overhang_ratio,0.0,0.0,0.0
cost,A_Houston,panel_thickness_m,0.0,0.0,0.0
thermal,B_NYC,wwr_north,0.0235,0.0353,0.0118
thermal,B_NYC,wwr_south,0.0211,0.0336,0.0124
thermal,B_NYC,wwr_east,0.0194,0.0343,0.0149
thermal,B_NYC,wwr_west,0.023,0.0314,0.0085
thermal,B_NYC,insulation_m,0.04,0.0414,0.0014
thermal,B_NYC,glazing_idx,0.8653,0.9064,0.041
thermal,B_NYC,member_depth_m,0.0,0.0,0.0
thermal,B_NYC,framing_idx,0.0,0.0,0.0
thermal,B_NYC,overhang_ratio,0.0,0.0,0.0
thermal,B_NYC,panel_thickness_m,0.0,0.0,0.0
structural,B_NYC,wwr_north,0.0,0.0,0.0
structural,B_NYC,wwr_south,0.0,0.0,0.0
structural,B_NYC,wwr_east,0.0,0.0,0.0
structural,B_NYC,wwr_west,0.0,0.0,0.0
structural,B_NYC,insulation_m,0.0,0.0,0.0
structural,B_NYC,glazing_idx,0.0,0.0,0.0
structural,B_NYC,member_depth_m,0.2585,0.7302,0.4717
structural,B_NYC,framing_idx,0.2342,0.469,0.2348
structural,B_NYC,overhang_ratio,0.0,0.0,0.0
structural,B_NYC,panel_thickness_m,0.0,0.0,0.0
daylight,B_NYC,wwr_north,0.1145,0.1188,0.0043
daylight,B_NYC,wwr_south,0.25,0.2661,0.0162
daylight,B_NYC,wwr_east,0.1401,0.1436,0.0034
daylight,B_NYC,wwr_west,0.1407,0.1445,0.0038
daylight,B_NYC,insulation_m,0.0,0.0,0.0
daylight,B_NYC,glazing_idx,0.1413,0.1505,0.0092
daylight,B_NYC,member_depth_m,0.0,0.0,0.0
daylight,B_NYC,framing_idx,0.0,0.0,0.0
daylight,B_NYC,overhang_ratio,0.1891,0.2003,0.0112
daylight,B_NYC,panel_thickness_m,0.0,0.0,0.0
cost,B_NYC,wwr_north,0.0132,0.0261,0.0129
cost,B_NYC,wwr_south,0.0143,0.0256,0.0112
cost,B_NYC,wwr_east,0.0107,0.0256,0.0149
cost,B_NYC,wwr_west,0.0174,0.0233,0.0059
cost,B_NYC,insulation_m,0.0041,0.0059,0.0018
cost,B_NYC,glazing_idx,0.8311,0.8708,0.0397
cost,B_NYC,member_depth_m,0.026,0.0278,0.0018
cost,B_NYC,framing_idx,0.0371,0.0449,0.0078
cost,B_NYC,overhang_ratio,0.0,0.0,0.0
cost,B_NYC,panel_thickness_m,0.0,0.0,0.0
thermal,C_Minneapolis,wwr_north,0.0235,0.0353,0.0118
thermal,C_Minneapolis,wwr_south,0.0211,0.0336,0.0124
thermal,C_Minneapolis,wwr_east,0.0194,0.0343,0.0149
thermal,C_Minneapolis,wwr_west,0.023,0.0314,0.0085
thermal,C_Minneapolis,insulation_m,0.04,0.0414,0.0014
thermal,C_Minneapolis,glazing_idx,0.8653,0.9064,0.041
thermal,C_Minneapolis,member_depth_m,0.0,0.0,0.0
thermal,C_Minneapolis,framing_idx,0.0,0.0,0.0
thermal,C_Minneapolis,overhang_ratio,0.0,0.0,0.0
thermal,C_Minneapolis,panel_thickness_m,0.0,0.0,0.0
structural,C_Minneapolis,wwr_north,0.0,0.0,0.0
structural,C_Minneapolis,wwr_south,0.0,0.0,0.0
structural,C_Minneapolis,wwr_east,0.0,0.0,0.0
structural,C_Minneapolis,wwr_west,0.0,0.0,0.0
structural,C_Minneapolis,insulation_m,0.0,0.0,0.0
structural,C_Minneapolis,glazing_idx,0.0,0.0,0.0
structural,C_Minneapolis,member_depth_m,0.2585,0.7302,0.4717
structural,C_Minneapolis,framing_idx,0.2342,0.469,0.2348
structural,C_Minneapolis,overhang_ratio,0.0,0.0,0.0
structural,C_Minneapolis,panel_thickness_m,0.0,0.0,0.0
daylight,C_Minneapolis,wwr_north,0.1145,0.1188,0.0043
daylight,C_Minneapolis,wwr_south,0.25,0.2661,0.0162
daylight,C_Minneapolis,wwr_east,0.1401,0.1436,0.0034
daylight,C_Minneapolis,wwr_west,0.1407,0.1445,0.0038
daylight,C_Minneapolis,insulation_m,0.0,0.0,0.0
daylight,C_Minneapolis,glazing_idx,0.1413,0.1505,0.0092
daylight,C_Minneapolis,member_depth_m,0.0,0.0,0.0
daylight,C_Minneapolis,framing_idx,0.0,0.0,0.0
daylight,C_Minneapolis,overhang_ratio,0.1891,0.2003,0.0112
daylight,C_Minneapolis,panel_thickness_m,0.0,0.0,0.0
cost,C_Minneapolis,wwr_north,0.0132,0.0261,0.0129
cost,C_Minneapolis,wwr_south,0.0143,0.0256,0.0112
cost,C_Minneapolis,wwr_east,0.0107,0.0256,0.0149
cost,C_Minneapolis,wwr_west,0.0174,0.0233,0.0059
cost,C_Minneapolis,insulation_m,0.0041,0.0059,0.0018
cost,C_Minneapolis,glazing_idx,0.8311,0.8708,0.0397
cost,C_Minneapolis,member_depth_m,0.026,0.0278,0.0018
cost,C_Minneapolis,framing_idx,0.0371,0.0449,0.0078
cost,C_Minneapolis,overhang_ratio,0.0,0.0,0.0
cost,C_Minneapolis,panel_thickness_m,0.0,0.0,0.0
