case,seed,hv_surrogate,n_eval_sur,hv_nsga2_500,hv_nsga3_500,gain_vs_nsga3_pct,gain_vs_nsga2_pct
A_Houston,42,54895.38030616154,338,42191.1131475991,44171.987660997336,24.276454859722474,30.11123957341093
A_Houston,7,54758.05155511626,358,38871.8978895769,39505.979339795216,38.60699689061322,40.86796510596686
A_Houston,101,55819.13943496001,354,41476.8165684555,42428.004446766885,31.562019385084604,34.579131315040044
A_Houston,2025,55759.005308977845,362,45846.24553051751,43820.7144127999,27.243487597479255,21.62174822333469
A_Houston,314,55566.24772121366,367,44691.82983293584,42086.447119088065,32.02883950736699,24.332004146905327
B_NYC,42,50484.6926351419,351,37116.75852903712,39655.17122571903,27.30922872021091,36.015898574889825
B_NYC,7,50674.75581013242,387,36838.94256297749,39603.19019029135,27.95624687466527,37.55757436170191
B_NYC,101,51275.929018036426,371,39235.77546005175,38604.103139146166,32.82507518233342,30.686671581764614
B_NYC,2025,50705.600991603,380,40372.8394705379,38096.02005208178,33.09947055435825,25.593348539691974
B_NYC,314,51167.540148319895,381,37531.35696263198,41687.72769653381,22.740055588528275,36.332774216676356
C_Minneapolis,42,46794.736138061024,364,33106.593164730904,39338.475012266346,18.95411838783709,41.34567065001531
C_Minneapolis,7,47129.74741741963,388,37732.79304790209,35410.742857171266,33.0944894534317,24.903945906119485
C_Minneapolis,101,46989.29944834597,379,35914.513417243914,36905.72739624079,27.32251269252124,30.836519772490178
C_Minneapolis,2025,47099.374100924826,391,39005.40806160843,34700.76076206789,35.73009082962271,20.750881586809953
C_Minneapolis,314,47387.17745821664,404,35508.82473182088,36841.57764149648,28.62418086255387,33.451832934788996
