case,seed,hv_surrogate,hv_nsga2,hv_nsga3,n_full_eval,gain_vs_nsga2_pct,gain_vs_nsga3_pct
A_Houston,42,54895.38030616154,46406.643102305265,53999.70520945136,338,18.29207336790666,1.658666641301254
A_Houston,7,54758.05155511626,51720.36925662615,53794.57476469002,358,5.8732803770555675,1.7910296617097865
A_Houston,101,55819.13943496001,52539.12697125339,53455.98938176909,354,6.242990039597096,4.420739528949502
A_Houston,2025,55759.005308977845,49227.97340106178,54157.54014985726,362,13.266911994746454,2.9570492948705507
A_Houston,314,55566.24772121366,50568.69109566546,53750.481439135096,367,9.882709078021934,3.3781395691025784
B_NYC,42,50484.6926351419,46691.61150772552,49106.0429859966,351,8.1236886132936,2.807494893323903
B_NYC,7,50674.75581013242,46081.647216274636,49278.79710571763,387,9.96732727955878,2.8327775562784874
B_NYC,101,51275.929018036426,45380.545456958884,49247.894431424844,371,12.990993170562515,4.118012780090563
B_NYC,2025,50705.600991603,41146.92358310771,49738.916752127654,380,23.230600434049144,1.9435168729001306
B_NYC,314,51167.540148319895,46172.78573412491,49201.25995129938,381,10.817528842543966,3.9964021225610713
C_Minneapolis,42,46794.736138061024,41459.80689867878,45704.67074210992,364,12.867713668855174,2.38501968891065
C_Minneapolis,7,47129.74741741963,41358.455060487344,45007.42210501516,388,13.954322879062309,4.7155007177537955
C_Minneapolis,101,46989.29944834597,42212.57173048749,45507.87916932424,379,11.315888897639814,3.2553050286296736
C_Minneapolis,2025,47099.374100924826,41228.39427091743,45321.69454394082,391,14.24013700710336,3.9223589825408745
C_Minneapolis,314,47387.17745821664,42653.045485047136,45472.264801231686,404,11.099165181133785,4.211166224852492
