case,seed,method,hv,n_evals
A_Houston,42,nsga2,46406.643102305265,10000
A_Houston,42,nsga3_no_surrogate,53999.70520945136,10000
A_Houston,42,surrogate_nsga3,68197.41202410609,338
A_Houston,7,nsga2,51720.36925662615,10000
A_Houston,7,nsga3_no_surrogate,53794.57476469002,10000
A_Houston,7,surrogate_nsga3,70857.80757975687,338
A_Houston,101,nsga2,52539.12697125339,10000
A_Houston,101,nsga3_no_surrogate,53455.98938176909,10000
A_Houston,101,surrogate_nsga3,70662.2795600954,338
A_Houston,2025,nsga2,49227.97340106178,10000
A_Houston,2025,nsga3_no_surrogate,54157.54014985726,10000
A_Houston,2025,surrogate_nsga3,64985.53462450169,338
A_Houston,314,nsga2,50568.69109566546,10000
A_Houston,314,nsga3_no_surrogate,53750.481439135096,10000
A_Houston,314,surrogate_nsga3,66309.82809599231,338
B_NYC,42,nsga2,46691.61150772552,10000
B_NYC,42,nsga3_no_surrogate,49106.0429859966,10000
B_NYC,42,surrogate_nsga3,63188.07166778407,351
B_NYC,7,nsga2,46081.647216274636,10000
B_NYC,7,nsga3_no_surrogate,49278.79710571763,10000
B_NYC,7,surrogate_nsga3,59238.972496051305,351
B_NYC,101,nsga2,45380.545456958884,10000
B_NYC,101,nsga3_no_surrogate,49247.894431424844,10000
B_NYC,101,surrogate_nsga3,62685.85238633345,351
B_NYC,2025,nsga2,41146.92358310771,10000
B_NYC,2025,nsga3_no_surrogate,49738.916752127654,10000
B_NYC,2025,surrogate_nsga3,58475.86557643065,351
B_NYC,314,nsga2,46172.78573412491,10000
B_NYC,314,nsga3_no_surrogate,49201.25995129938,10000
B_NYC,314,surrogate_nsga3,64289.10483161613,351
C_Minneapolis,42,nsga2,41459.80689867878,10000
C_Minneapolis,42,nsga3_no_surrogate,45704.67074210992,10000
C_Minneapolis,42,surrogate_nsga3,60293.56610511299,364
C_Minneapolis,7,nsga2,41358.455060487344,10000
C_Minneapolis,7,nsga3_no_surrogate,45007.42210501516,10000
C_Minneapolis,7,surrogate_nsga3,53939.583240569395,364
C_Minneapolis,101,nsga2,42212.57173048749,10000
C_Minneapolis,101,nsga3_no_surrogate,45507.87916932424,10000
C_Minneapolis,101,surrogate_nsga3,60074.990538535545,364
C_Minneapolis,2025,nsga2,41228.39427091743,10000
C_Minneapolis,2025,nsga3_no_surrogate,45321.69454394082,10000
C_Minneapolis,2025,surrogate_nsga3,57984.69521319838,364
C_Minneapolis,314,nsga2,42653.045485047136,10000
C_Minneapolis,314,nsga3_no_surrogate,45472.264801231686,10000
C_Minneapolis,314,surrogate_nsga3,56773.42871042228,364
