case,ref_point,hv_surrogate,hv_nsga2,hv_nsga3,gain_vs_nsga2_pct,gain_vs_nsga3_pct,n_points_outside_ref,note
A_Houston,nadir+5%,75207.88728265301,66712.32778822223,74131.4952234714,12.73461708816377,1.4520037076505732,0,
A_Houston,nadir+10%,95231.72462140369,86250.6131221781,94063.05530973141,10.412808876504354,1.2424318004811585,0,
A_Houston,nadir+20%,145646.80125848396,135725.08732977032,144233.2645594807,7.310154757614495,0.9800351557738729,0,
A_Houston,nadir+30%,212160.15336127748,201351.70793247264,210403.97484035924,5.3679432569947005,0.8346698403633779,0,
A_Houston,nadir+50%,405465.8452802097,393108.91998787137,402647.74497274635,3.143384610229538,0.6998922364892524,0,
A_Houston,paper_fixed,54897.27203110004,46406.643102305265,53999.70520945136,18.29614977768774,1.6621698547561348,98,
B_NYC,nadir+5%,72770.53607359901,67269.16672190359,71572.99130760247,8.178144043969727,1.673179706643535,0,
B_NYC,nadir+10%,91966.12143585886,86054.79451742538,90666.58373105689,6.869259233704272,1.4333149560997738,0,
B_NYC,nadir+20%,140212.4926235611,133495.7586432523,138666.34902449633,5.031421259051583,1.1150099573124406,0,
B_NYC,nadir+30%,203752.3516866815,196262.48428542665,201891.75953805514,3.8162501756383804,0.9215790445749494,0,
B_NYC,nadir+50%,388054.81496924657,379177.5634671078,385308.9211167402,2.3411858605154157,0.7126473595648664,0,
B_NYC,paper_fixed,50494.833364499966,46691.61150772552,49106.0429859966,8.145407138378946,2.828145568355822,109,
C_Minneapolis,nadir+5%,67204.48409508282,60577.934713686554,66397.31496893235,10.93888296574612,1.215665311960512,0,
C_Minneapolis,nadir+10%,84967.68089008774,77836.91238345852,84206.87823290563,9.16116568383385,0.9034922955792668,0,
C_Minneapolis,nadir+20%,129621.75856572685,121501.06740386387,128968.49858279711,6.683637712309287,0.506526779879013,0,
C_Minneapolis,nadir+30%,188437.98482899088,179363.30712968047,187909.6205854775,5.0593835743390825,0.281179985286073,0,
C_Minneapolis,nadir+50%,359049.1129169353,348228.26405197545,358811.11174811417,3.107401087737305,0.06633049006246061,0,
C_Minneapolis,paper_fixed,46805.9933111,41459.80689867878,45704.67074210992,12.894865683977885,2.409649935351954,100,
